1.7064042717441979e-06,0.0,0.8296047668641019,0.0,0.028694404591104738,0.0,1.928040979061461e-06,7.221672839626833e-06,0.0,0.0
0.016250067402968735,0.015899024422231206,0.8283595242666119,0.015418502202643174,0.03443328550932569,0.05038542500154231,0.09683399124517056,0.004435887783622868,0.05956592805115528,0.058296495074432325
0.00022183255532674573,0.00020765845656375265,0.8296074833458262,0.013215859030837006,0.020086083213773316,0.00017842854843646883,0.0004042659106361666,0.00021403522463306023,0.0005912801787929748,0.0002844664515383621
0.06675342424145211,0.06324571237154482,0.8297328389391225,0.10572687224669604,0.09612625538020086,0.027058100637835515,0.05598543893791243,0.004014812668408391,0.06117301669005097,0.057974031011819596
0.020429049758066004,0.019370661790221684,0.8296028739311356,0.039647577092511016,0.02223816355810617,0.018397377692849697,0.03520310623815426,0.014631151065743872,0.03743519018317469,0.03043867601940155
0.2469559710156996,0.23295684280365353,0.8326781852730266,0.4669603524229075,0.4720229555236729,0.04645654762410971,0.14952028255473127,0.09030760683707825,0.226361785244743,0.2135427599529954
0.019458264423040827,0.011067171333709993,0.8482978937289815,0.2577092511013216,0.1298421807747489,0.01745179721135403,0.019773012982852875,0.01673595598385179,0.04279021447807385,0.024347125925425487
0.09278246621831464,0.08517855496295913,0.8366933009573508,0.18502202643171808,0.21018651362984217,0.036387796438417816,0.034469340225551016,0.0394105202525932,0.08503341970756688,0.07807916161830572
0.010863715292590316,0.0114707879710058,0.826639438205357,0.10132158590308371,0.18866571018651362,0.006586833980701519,0.014012199272615435,0.009257010401679372,0.01989841436368174,0.01802457326674524
0.014220243210388044,0.013464240871395769,0.8296510249013078,0.1431718061674009,0.1721664275466284,0.010856544836318989,0.02128896715672377,0.0014427910528551854,0.022327745102942664,0.021157145989514712
0.00219102308491955,0.0013314609699007969,0.8314900420560948,0.0022026431718061676,0.0,0.0,0.0,0.0,0.024082935536234498,0.014649494252533472
0.006288144107888434,0.005945518383204463,0.8296440144937206,0.07048458149779736,0.06169296987087518,0.005673564843070888,0.011741054523589053,0.0003661708615940631,0.02303819038730563,0.021800260949987705
0.00610735398810568,0.005292184753915045,0.8308642802094739,0.0947136563876652,0.11549497847919657,0.00338546456925057,0.006108852771579621,0.001441348642685065,0.013417660183238336,0.011642139716340219
0.004086604453442125,0.0038745841236386127,0.829601874200305,0.2907488986784141,0.17934002869440457,0.0031273079091775242,0.00624395405961427,1.423891542012638e-05,0.006403156822274533,0.00608766674965789
0.03148339088466141,0.011574067863975152,0.8758879407448065,0.13436123348017623,0.07747489239598279,0.007747607869473708,0.006966042902920165,0.009849833580068837,0.034613609241418326,0.012730298430440119
0.02558546218642262,0.023625737071666875,0.8312093266528096,0.28854625550660795,0.2833572453371593,0.004905940105339684,0.011363747642101166,0.003889805711395761,0.025567171733740457,0.023624527888038947
0.004336345250633247,0.0034874216565727208,0.8311818955138288,0.07048458149779736,0.05882352941176471,0.005622830720183355,0.014115824775967512,0.0022161880268450054,0.02383157576244984,0.019181694181296727
0.128417327102,0.1213265385371634,0.830722978089977,0.8722466960352424,0.7474892395982783,0.021439642540361938,0.040301645101514814,0.011278140430799064,0.11769932200676222,0.11121485426240396
0.0420143573442616,0.03984035827160425,0.8295984161149726,0.9140969162995596,0.45480631276901007,0.010783794406535393,0.020750626344431568,0.002785859663426557,0.038495113025023196,0.03651909651762112
0.02753410248937081,0.026237867743544672,0.8292738190838331,0.394273127753304,0.5860832137733142,0.006866539355626695,0.013041451364026076,0.0013891332168899859,0.023279753305505666,0.022199990357815183
0.08594590937355169,0.08080280713677927,0.8313582086986866,0.33480176211453744,0.5322812051649928,0.020926426776181537,0.04528617391444019,0.006570030738389855,0.07876645836167552,0.07406805441772364
0.01855450494140549,0.01714331825628228,0.8307419401976996,0.19603524229074892,0.18651362984218078,0.0074052086722647655,0.01357582986992465,0.0020118782646264296,0.016989844657437338,0.015713450679056506
0.002915905325960757,0.002529890564088857,0.8301959150793397,0.026431718061674013,0.04519368723098996,1.1815290292656922e-05,0.0017607157084600562,0.0013700915966710719,0.01601900953085759,0.013915266650823663
0.08284586596262702,0.07855675060463858,0.8296021077439826,0.2180616740088106,0.21305595408895264,0.02792101993910357,0.057067104242863764,0.003954235586120144,0.10123918818007814,0.09601278990860228
0.023852528447465614,0.02201368792147307,0.8311303765979893,0.22687224669603528,0.18938307030129126,0.009665001286698628,0.017985076829029396,0.0011175679718469387,0.023834205363727528,0.02201247669297921
0.09457339551925541,0.08645130905860662,0.8377706625259236,0.4845814977973569,0.6786226685796269,0.018425421824928154,0.033979066259501034,0.012006077355442228,0.08667513577852062,0.07924585437678161
0.006570591555756077,0.0062298960872145,0.8296021036467252,0.02863436123348018,0.0817790530846485,0.00836668873120646,0.013276410754471616,0.005618394263337103,0.01805069515218857,0.01713180970844075
0.00018056146161034054,0.00013748916300582547,0.8296860687447287,0.03524229074889868,0.008608321377331422,0.0,0.0,0.0,0.001967442560635139,0.0015157881122363885
0.017152373028164546,0.014275664951464371,0.8346367030401385,0.2048458149779736,0.12840746054519367,0.0053839026728204125,0.007328703150537117,0.007669246764585058,0.0157045329443367,0.013084765287004635
0.01791716806512185,0.015708756999361143,0.83284420204978,0.1365638766519824,0.4160688665710187,0.008436771936430611,0.014108645469292153,0.007631436344543734,0.02813730749457523,0.02468424712990535
0.03103101287379639,0.029422349178566044,0.8296065737546606,0.30616740088105726,0.34935437589670015,0.008800926905662254,0.019352858132969403,0.006204372210703713,0.031012824638825102,0.029421147254229785
0.10771383975771791,0.10097384805024102,0.8325484988785499,0.6277533039647577,0.832855093256815,0.016366709427270504,0.033523261062455185,0.002775247053623984,0.09872076897471647,0.09255819827145273
0.011616367556749888,0.01069614589483792,0.830408173504269,0.10132158590308371,0.04878048780487805,0.005564760981648683,0.009511497508593678,0.006253930783283139,0.011597814857913433,0.010694920699508616
0.009602648407685918,0.009105099314177434,0.8296018455195024,0.013215859030837006,0.025107604017216643,0.020100124932215323,0.026997063472520018,0.013639753423397962,0.026389008009424238,0.025038628374194818
0.05634087882550242,0.05334765602861494,0.829794928779319,0.2643171806167401,0.19440459110473457,0.025401049226737037,0.04644707088840259,0.009169736888795866,0.05162800422729514,0.04890080152073658
0.052626606664942066,0.05145236182454001,0.8256758042132878,0.3480176211453745,0.23888091822094693,0.01920117797285856,0.03887957829141243,0.003409924403965405,0.04822319089924915,0.04716344634883748
0.003155141498455022,0.0029881413893887107,0.8296099703811304,0.022026431718061675,0.03156384505021521,0.0036517561146082,0.0076279321801582,0.0002571093167627611,0.01733483317826388,0.016435649311151553
0.015815500839892183,0.015231008411127817,0.8290076243611377,0.0881057268722467,0.287661406025825,0.006872468333936051,0.012357275197738505,0.0028900526298419014,0.014479043768690447,0.013960497876181407
0.018311782584984053,0.01728917123145434,0.8297898113046981,0.12775330396475773,0.23959827833572453,0.0069347963069534046,0.01098896508503882,0.0060700547210494685,0.015476105268381552,0.01462800699540071
0.16817706879334696,0.1555872632509216,0.8394358207530969,0.1145374449339207,0.43472022955523676,0.07430704987578646,0.13968946166921828,0.03034132870818867,0.1849794773857928,0.1711450095328877
0.010726580113291593,0.010414374904196002,0.8289851959735677,0.08590308370044053,0.05882352941176471,0.0032159861997409383,0.006396480589122214,0.0005343294787709939,0.009057736590332611,0.008810864355614883
0.02951947143786402,0.02666793823363711,0.8329518820742096,0.3193832599118943,0.4949784791965567,0.006007644685879649,0.010237306327775184,0.00870708856370896,0.024959712439883767,0.022563896635159328
0.020334228285493722,0.019276164789966264,0.8296144814616409,0.1145374449339207,0.30559540889526543,0.007967065978752923,0.01465139719825278,0.0031900128085889877,0.024834641477721596,0.021202615540935433
0.006502697142591919,0.006165618192398546,0.8296018455195024,0.15198237885462557,0.0896700143472023,0.007973344782323886,0.015923935090004455,0.0,0.023824899552253292,0.022607294583109557
0.052878243277279094,0.04978831594307092,0.8304936832683512,0.20264317180616742,0.37948350071736014,0.02929917200202478,0.052004182182107006,0.04947736728494418,0.04472519800938917,0.04212731726215364
0.023633566064123944,0.018769459192151405,0.8388196137109724,0.10352422907488988,0.24031563845050216,0.007143955711117967,0.009822483905996986,0.004008923715064001,0.03247799251983497,0.025806973980410874
0.031666883948810606,0.029617001575506622,0.8306404716156444,0.2555066079295154,0.1556671449067432,0.009280787642001763,0.01900974549490279,0.011474056413884189,0.02900975097149192,0.027147674666860383
0.046913450834056285,0.04372737080330029,0.8315190219584117,0.5220264317180617,0.5172166427546628,0.014977653222137293,0.029540989872929954,0.002201201852954151,0.04298603295831457,0.040082195750795246
0.0006613852316853336,0.0006264849670192833,0.8296023494821753,0.022026431718061675,0.02223816355810617,0.0018730437018918474,0.0037296048989852145,8.55187581465782e-06,0.0036189162562029076,0.0034465229027112187
0.00963741980753125,0.012142237530071416,0.8219947379331618,0.1563876651982379,0.26327116212338597,0.004431607650659166,0.006611655437474345,0.008008638002386449,0.010582589981961781,0.013355285837114744
0.03328223960782735,0.05745508551154115,0.7640279187945688,0.2621145374449339,0.16140602582496413,0.009334206075285196,0.06173797890205464,0.05034651119141396,0.030490521516318175,0.05266594981675491
0.028742168457594832,0.03237009541014279,0.8166465754230638,0.1718061674008811,0.22812051649928264,0.009827487687893162,0.015469343087827237,0.011033264066790656,0.035111205674727385,0.0445078719388722
0.013911945444207747,0.013191323968618744,0.8296018455195024,0.1651982378854626,0.09397417503586801,0.010764880578642645,0.021549673923727506,0.0003370419921733311,0.025486941207842027,0.02418327239642043
0.08884957295526696,0.0848729255063874,0.8280239179045625,0.2511013215859031,0.5007173601147776,0.024630952448408572,0.03813953115660753,0.022978110044690952,0.08142819994050873,0.07779900087684165
0.02345770745268653,0.02155038871274148,0.8313555290922798,0.0814977973568282,0.16642754662840745,0.008559527879533695,0.011660874931620886,0.008717985392264267,0.021484531327029613,0.01975327038561413
0.07039420839564553,0.07110655992153311,0.8185696232319745,0.3370044052863436,0.2568149210903874,0.020998822650726206,0.04012244390046724,0.008346504228942706,0.0645104648103491,0.06517981685610673
0.005560376337223708,0.005210797369866016,0.8297570168556462,0.006607929515418503,0.03084648493543759,0.0,0.0,0.0,0.06114651701410142,0.05732224749701862
0.0973951431639056,0.0920939325262649,0.830257808251176,0.4845814977973569,0.47632711621233864,0.03825605089347486,0.07465517293135386,0.009537037815993245,0.08926178627631107,0.08441826556819007
0.02047179689147747,0.019401235253344338,0.8296280966483225,0.1365638766519824,0.16786226685796268,0.004987752785553631,0.010657104718527538,0.004756500895674025,0.017303844090239343,0.017783210548831415
0.013933087793134659,0.011724163422915808,0.8333677332244501,0.06828193832599119,0.0896700143472023,0.007226625385998728,0.014280681051386551,0.008128439907428453,0.02187649245921542,0.018422735133395245
0.022424368749867755,0.02121210495295313,0.8297309705897012,0.22026431718061676,0.2761836441893831,0.00852045266809671,0.01545533071601221,0.005657872544152928,0.01895605116093681,0.017947416494270157
0.042187018154093765,0.03807470072899854,0.8344839654749513,0.14537444933920707,0.7187948350071736,0.023419341535609532,0.028809609572467094,0.017501109133706342,0.03865338840494644,0.03490057509922954
0.034195374074531645,0.032899319710592095,0.8284002059363567,0.16079295154185025,0.3457675753228121,0.008846106876810743,0.016125815111639453,0.0038532125469813764,0.0313275771560961,0.03015647001670546
0.005208370732026956,0.004938173338050897,0.8296021487165577,0.08590308370044053,0.16857962697274032,0.0017492896370434527,0.006814589799286774,0.004666746685989321,0.011439859895534692,0.010863313636960404
0.002873584793617229,0.002765976920816776,0.8294964845428195,0.02863436123348018,0.04447632711621234,0.004265555039623358,0.010247246698634334,0.0013783684316302203,0.010517904493525809,0.007606020204348115
0.03865327673986686,0.03685117160795371,0.8290972805498126,0.43171806167400884,0.4720229555236729,0.011120827975387168,0.022207456113172527,0.0017956683224431603,0.03541406463812896,0.03377900534934792
0.009030154893728555,0.008395205991664814,0.8300248095087677,0.09691629955947137,0.054519368723098996,0.00664454800563547,0.013733268942201162,0.0008618628733593996,0.03309241859586179,0.03078246003033509
0.05300152074748698,0.047681730711661645,0.8361239501520277,0.5837004405286343,0.9167862266857962,0.008307767500223492,0.013528556140429545,0.010077924902330553,0.048566868467450716,0.0437070301556972
0.004924930156873158,0.004668817810893505,0.8296036360210312,0.20704845814977976,0.1556671449067432,0.0026224198009901617,0.005311635684144114,0.0010837885730846117,0.0041485559456266976,0.003949233198137954
0.025860473124474002,0.026882276089818236,0.8236234961246807,0.022026431718061675,0.08321377331420374,0.005766780822899639,0.016049756873540936,0.006528706812048469,0.04061987834751575,0.03285502072081725
0.06713411620886116,0.06451327083924381,0.8274372275054879,0.6233480176211454,0.7166427546628408,0.020101778879795997,0.03661223371674654,0.012166894394993223,0.061521990814698564,0.05458691003486192
0.10894032977286394,0.10205573280037852,0.8327538984944197,1.0000000000000002,1.0,0.023094215539873293,0.04115270216939502,0.012422826276360549,0.09984507265492788,0.09354992712788163
0.006825617086976791,0.006331481859205318,0.8299572129544875,0.006607929515418503,0.07604017216642756,0.0027302849067089682,0.01237255802151354,0.005313380912015383,0.03752282785419545,0.03482404466687067
0.01135278782091492,0.011846996093253466,0.8268611244198002,0.2048458149779736,0.2647058823529412,0.00554890252604632,0.00885051663342477,0.003581044817394775,0.011334230037943241,0.011845772339290697
0.000819074050437215,0.0013884721051039516,0.828051484253041,0.00881057268722467,0.015781922525107607,0.0032490390882140485,0.0,0.004002607693437511,0.004486221039095904,0.0152766175163819
0.0047554569102206115,0.00450852840079261,0.8296025953176255,0.06387665198237885,0.10903873744619799,0.0020766131416319216,0.004057628654805135,0.0001228729478775257,0.007454230358488427,0.007083866133139655
0.0007616808491613706,0.0006350639827100117,0.8298214462298767,0.004405286343612336,0.008608321377331422,0.0,0.0,0.0,0.008359875812962287,0.006989117907016828
0.011115532783780151,0.010539603938592124,0.8296020094098026,0.14096916299559473,0.1556671449067432,0.003959891259558887,0.00792202330155681,6.424231995369997e-05,0.015265373575783716,0.014490908993235695
0.027546873218940542,0.026087540800363396,0.8296851386672757,0.2665198237885463,0.25609756097560976,0.009635778135374789,0.02305564010888885,0.008431711678736681,0.027528619464194604,0.026086334665375258
0.0,0.3276223894886133,0.0,0.6541850220264318,0.3931133428981349,0.06669672718486028,0.19991820456278933,0.1039164110587626,0.21040761793849577,0.30031961842450244
0.04759598524028561,0.04489197622849571,0.8302088624130483,0.20925110132158595,0.4160688665710187,0.044546413853304316,0.08129987843434619,0.011011749891453563,0.07477632420820682,0.07054364837311014
0.010132046681760381,0.009499332754190983,0.8298747146746699,0.07929515418502203,0.11406025824964133,0.010488588027151267,0.02790436300526458,0.005476096147955074,0.03713276444982158,0.03483092978045853
0.022702208906201688,0.02163561578072753,0.8293256862665603,0.4273127753303965,0.3220946915351507,0.008108456198435946,0.016132206699542642,0.00032943662401751464,0.019191151105220648,0.018305772390771975
0.013383328703289744,0.06262358810752186,0.7031609173915244,0.050660792951541855,0.14131994261119082,0.017449769788625134,0.08933253689528935,0.04357410263817111,0.013364809120653909,0.06262242726645692
0.031758758461205586,0.03155782346054911,0.8259465509890688,0.13215859030837007,0.21449067431850788,0.01079635182061702,0.02120936977491026,0.00856002534330064,0.029093970855371264,0.028926763597995127
0.014115797617723125,0.010555509582545322,0.8367656872056517,0.18502202643171808,0.17862266857962697,0.008911324479851875,0.010376611288797376,0.00643605046244328,0.019390815346827434,0.014512779458743059
0.017483441052946996,0.01706837403339517,0.8283599749649372,0.22246696035242294,0.30272596843615496,0.006581092463942393,0.011975544290214473,0.003811927848749091,0.016008017726187828,0.015644751723001588
0.015506354990788831,0.015539755891697276,0.8274835265152688,0.3259911894273128,0.25609756097560976,0.0058176573277576105,0.010787576857478174,0.003880799825729732,0.015487875310391405,0.015538536791665001
0.023793770122772374,0.022332158394363463,0.8301828653141934,0.2643171806167401,0.30487804878048785,0.005208321281141966,0.008197168494826506,0.0026836985650320533,0.021792594494544532,0.02046989336255696
0.024220410438006674,0.022015265541295487,0.8320097054196822,0.09911894273127754,0.24533715925394547,0.0037483205322610662,0.006535191001761304,0.0027123667632243972,0.02958450871730149,0.02690644490605563
0.0011785502935356628,0.0011172881570241675,0.8296013128760271,0.01762114537444934,0.02223816355810617,0.002189751206764424,0.004198613349958972,1.1581174020871277e-05,0.004302661392479507,0.0030721204892507075
0.02719738114723607,0.025793061475275048,0.8295916474455781,0.20704845814977976,0.3536585365853659,0.0062136017023362135,0.01423306377934323,0.005844575842823292,0.02299482984086081,0.021823615302266564
0.010220390643717122,0.009690760334407378,0.8296021077439826,0.18942731277533043,0.1994261119081779,0.002910753909444507,0.0056564614081161336,0.00022588537025482528,0.008629414355062941,0.008198574441850426
0.1077379239476093,0.10329837781945622,0.826720186956221,0.3370044052863436,0.15494978479196556,0.016668684404203903,0.04145395100556921,0.025373387416275678,0.09874284662576063,0.09468901980599333
0.03991094788027049,0.0382009637111552,0.8286991582327865,0.42290748898678415,0.5631276901004304,0.00998295335478806,0.0202258404255779,0.0029918812515079478,0.033752665131585195,0.03232262254463893
0.005225692441789431,0.004383930414325456,0.8310471858816537,0.05506607929515419,0.03730272596843616,0.004311376839735539,0.006725977413747356,0.0057942852589249775,0.011477968372327882,0.012055397821494672
0.004773005571751228,0.0038945106755494613,0.8311995383046356,0.02863436123348018,0.02223816355810617,0.0,0.0,0.0,0.05248527601794798,0.04284307592889347
0.033680516071256716,0.03138563475180815,0.8309969084348376,0.3370044052863436,0.36011477761836447,0.0107809420371493,0.021163384426363372,0.0031614251390432516,0.033662377399115484,0.028768923752851006
0.04004605585129438,0.03747305154316315,0.8308667754392931,0.28634361233480177,0.3256814921090388,0.01259458513933601,0.024143162216654294,0.008322192719350198,0.0366908027886371,0.034349062603238556
0.03588616304078511,0.034142268927132985,0.8293125914315815,0.10572687224669604,0.09397417503586801,0.0048783513059761805,0.009308038000933137,0.002069815813279268,0.032877496134606256,0.03129584142417835
0.009058097263678367,0.008577832880379534,0.8296294569378134,0.08370044052863436,0.10903873744619799,0.0029267220232966447,0.005844171938308272,3.458024431039269e-05,0.008284640947596683,0.007861746027791475
0.013579860402479337,0.008074894153279126,0.8417602236152033,0.061674008810572695,0.06886657101865137,0.007143963819650522,0.01785743149388598,0.019131736067355413,0.037326546298335345,0.02220556067332446
0.002966558230363212,0.002794963055687336,0.8296463253469522,0.01101321585903084,0.0028694404591104736,0.007770971061545046,0.017029421465598302,0.0011591955089497086,0.016297605734465377,0.015373167160042733
0.03031196824176882,0.027318171637716524,0.833208239281641,0.10572687224669604,0.3708751793400287,0.01637449854155976,0.022957350118199157,0.022459036303534106,0.027767721718310896,0.025040411280970648
0.02112122534843069,0.019498604330712363,0.8309408866330027,0.059471365638766524,0.19296987087517933,0.014737679463665361,0.02578299085460067,0.0037916889570342887,0.03317234916438697,0.030639728882862267
0.1139918102833382,0.10865246028484488,0.8281789007668612,0.20925110132158595,0.3170731707317073,0.026864622459918924,0.05042132762741471,0.012866251791773673,0.1139751792774454,0.10865135647721327
0.01355063993572999,0.014155112144029059,0.8262938222432284,0.3920704845814978,0.21592539454806312,0.002680831063193588,0.006793724312710855,0.0062332893963659,0.013532123578992961,0.014153891199840668
0.05216367795646485,0.04941265472902836,0.8297291800881725,0.10352422907488988,0.2532281205164993,0.025294112258405187,0.05028583440784217,0.044987234575995,0.0717076328262174,0.06794142002185828
0.03270851406998578,0.03055297024567916,0.8307714896188094,0.30837004405286345,0.34935437589670015,0.011263841253003042,0.02086874541050796,0.004603979342937826,0.035961270041562736,0.033607116903643104
0.008778310100070373,0.007057682107431094,0.8328069620763376,0.11674008810572688,0.11621233859397419,0.004316455870078991,0.007509611268375873,0.0027319164244638218,0.01607509987028184,0.012938248510679342
0.004100407557596264,0.003118894520270714,0.8315485631850064,0.026431718061674013,0.05595408895265424,0.000368291768786314,0.007954547450087408,0.0056062183023638966,0.015016339128619657,0.011435960617674275
0.029568435002037447,0.024580150140152995,0.8383561155532325,0.30176211453744495,0.4634146341463415,0.013753801900267426,0.01302838903580117,0.013699179419737641,0.02708613672562082,0.02253055501473576
0.011649461561196095,0.009958556040530092,0.8323553500626133,0.12114537444933922,0.09612625538020086,0.005919486210171022,0.00917719147386318,0.007860705842353887,0.010660102683825686,0.009127410491963294
0.039331901773909626,0.06014218953159509,0.771749552922626,0.1365638766519824,0.3701578192252511,0.023648974694881954,0.02997745354739744,0.0157363857200894,0.0360361492002811,0.05512913155214686
0.006381006628356754,0.006109314154490158,0.829452225967275,0.16740088105726875,0.2919655667144907,0.0031717605256499095,0.004948069733445508,0.00236057041308041,0.00538064380806828,0.0051681161606200385
0.0197227980388637,0.01717489006958999,0.8334671900530716,0.12114537444933922,0.48852223816355816,0.0019358620480684043,0.003771178945294044,0.004088206980230696,0.018060800036590142,0.01574239154376155
0.02502479746687699,0.02202311318861726,0.8339212522267826,0.12334801762114538,0.148493543758967,0.014849889198350605,0.023177590966036117,0.012659394718983728,0.025006496404709797,0.02018660163246419
0.019589734340157358,0.01839528660399256,0.830057419581232,0.1365638766519824,0.148493543758967,0.005669695432030192,0.008957284336548644,0.003887778580354132,0.016557469431177033,0.015563951890140386
0.032586584659152575,0.030899263459950557,0.8296018455195024,0.23788546255506612,0.2668579626972741,0.0140376917606411,0.02843005867568111,0.002586016576543903,0.03981002478699819,0.03776467805075195
0.048238640978684286,0.04571412650528514,0.8296701099267556,0.24229074889867844,0.4476327116212339,0.003479110783955419,0.00724385353910322,0.006150749309960204,0.044200813392944904,0.041903390792266265
0.053583496749982425,0.050709461459199176,0.8298545602650139,0.513215859030837,0.569583931133429,0.007215544304022787,0.012606863485851593,0.009126627269322075,0.049100356546152475,0.046482453385291854
0.002801014832748492,0.0019725134356495463,0.8313314331209063,0.015418502202643174,0.03299856527977045,0.006376703290173192,0.007033906629484234,0.004377767861270359,0.015387099956921843,0.010849688648072512
0.0009453479665462856,0.0008861595717176733,0.8296266298301365,0.022026431718061675,0.00430416068866571,0.0,0.0,0.0,0.010380252027698893,0.009751172806560642
0.11596055544141608,0.10882668129153143,0.832464906630979,0.14757709251101325,0.5064562410329986,0.03752953853945463,0.07041722608025741,0.009500895552787622,0.10628040037475256,0.09975663765700246
0.03076589396130831,0.028431451831355942,0.831479131059365,0.22687224669603528,0.3988522238163558,0.007350761999829393,0.01188881194223408,0.003894773026222173,0.028183828105086704,0.02606091938891177
0.006411802106248921,0.006274660038380853,0.8291074827209944,0.08590308370044053,0.2532281205164993,0.002776949511555996,0.0057328697434467215,0.0007891119025263532,0.0070343439081441955,0.00627342936758754
0.0022849777041217857,0.0020138778183575396,0.8299876309941878,0.026431718061674013,0.038737446197991396,0.006995030927149788,0.010478605639792304,0.0015328570149842921,0.012548842473919603,0.007384227811753565
0.03849501968849249,0.037405343336528195,0.8273140229723804,0.29515418502202645,0.28981348637015786,0.006621566493775056,0.01879491592416225,0.00920246008922447,0.03526899301386814,0.03164940445718215
0.023504490232200668,0.022418835254514526,0.8292687917488772,0.31277533039647576,0.34289813486370163,0.006602430936129022,0.012966732016498464,0.0005906561584304771,0.021527416409127482,0.02054934724942247
0.053452518277296156,0.1112251731141648,0.676303058485954,0.1982378854625551,0.3457675753228121,0.024997445763980483,0.18702799269681672,0.10760264375623789,0.0489802906299228,0.10195525788379921
0.016923648305984224,0.01657344637884942,0.828269101890784,0.05506607929515419,0.11047345767575323,0.0020585234881551765,0.004750500573157654,0.00497723746558637,0.014301508046993996,0.014022392881221075
0.04141985804081583,0.08311464637033578,0.718592434713121,0.13436123348017623,0.3687230989956959,0.02073387412933787,0.03501300247721379,0.014589668598629476,0.03795014510086917,0.07618724300616711
0.006434877811215718,0.004960404023938283,0.8324908299791989,0.03524229074889868,0.055236728837876614,0.01019750502963104,0.010846120980301636,0.007309807002420957,0.03537372149767592,0.027283107234394123
0.03280253865176316,0.024726234499565677,0.8457516284703592,0.394273127753304,0.23601147776183645,0.011042358809959714,0.01910139694033561,0.008139932263089095,0.030050787385889805,0.022664465962021256
0.04207999247816997,0.04055059300722716,0.8279575669165632,0.8700440528634362,0.3837876614060259,0.006749526280704829,0.017031590294816826,0.003663295207915523,0.03855527963122924,0.03431077291369567
0.0010154453476252654,0.000419633928190286,0.8309762705487963,0.01762114537444934,0.01865136298421808,0.0,0.0,0.0,0.011151337693242912,0.004619384372681251
0.008034135252332826,0.0071842201617619205,0.8306997015701039,0.18942731277533043,0.2223816355810617,0.0030707482883008444,0.004959532718808471,0.0032091660438805895,0.009800912142065663,0.008779589177006969
0.0453321584171121,0.041296192316018034,0.8338783662325014,0.5903083700440529,0.603299856527977,0.014382957420637955,0.022170607415572606,0.00872820261233322,0.04153648782587637,0.03785361265163578
0.01664309667326249,0.013451993687358966,0.8354995649839277,0.2246696035242291,0.15208034433285508,0.008898431430440612,0.014689056941588022,0.0038769914424737094,0.015237687585316712,0.0123297323005648
0.08584839178223005,0.0682809700063599,0.8628316732509254,0.5242290748898679,0.4253945480631277,0.04877087069914866,0.06933977254525603,0.07162043212393271,0.07867706543320972,0.06258968955964925
0.006853216469667982,0.006497992754657183,0.8296018455195024,0.09691629955947137,0.07962697274031565,0.005456687660397514,0.010894211346291822,0.00012350400232695338,0.018827928254512103,0.017869076456920784
0.01257090792310806,0.0116998972029396,0.8301584415622195,0.037444933920704845,0.1406025824964132,0.006498647607779701,0.011054472595539887,0.0045103943973764426,0.017266552143216866,0.012868710874707512
0.04793121689149112,0.031461218112982296,0.8650229603140253,0.08370044052863436,0.12697274031563843,0.0515458397016284,0.05351439811582774,0.058637185087300266,0.08785677636693956,0.0576781199255916
0.008841569919232474,0.008337157672557896,0.8297189861115057,0.08590308370044053,0.04160688665710187,0.0020375945933926638,0.004033360708951197,0.0002443458223366402,0.032400927501535004,0.03056961598935829
0.019323438008721775,0.02344087238991174,0.816641654616803,0.037444933920704845,0.01865136298421808,0.04167826362184963,0.1263741583124912,0.03312259157738157,0.10626213319597173,0.12892580911902177
0.003584133238775785,0.003398134846910313,0.8296018455195024,0.004405286343612336,0.0014347202295552364,0.0028548507901142357,0.005701563416620425,6.069254615654404e-07,0.013123297822152023,0.01245984320196191
0.03856315641106323,0.03601263835608532,0.831004213844965,0.32158590308370044,0.3536585365853659,0.011157374000378417,0.030487561215669784,0.003399005666881242,0.06058161243627445,0.049516374780941466
0.6254347457355252,0.5257654976253521,1.0,0.6211453744493393,0.6556671449067432,0.12237073983129446,0.16451756926358965,0.1301216681283013,0.5733071744775359,0.4819510258109608
0.0647589789286375,0.06140543583844615,0.8296038859537388,0.30396475770925113,0.5473457675753228,0.015745172355885,0.03172882227667253,0.007152778954117335,0.05934474083562444,0.05628710876743694
0.054365006016781466,0.05307272300860844,0.8257468301720977,0.420704845814978,0.26255380200860834,0.016586859850781573,0.0350937829794641,0.01981451951402531,0.049816753487857975,0.04864877927363259
0.0023766798696853186,0.002072089562697345,0.8300604146764665,0.04405286343612335,0.016499282639885225,0.0054114247698506465,0.0,0.005108890848525542,0.013053213851829674,0.022796418862242675
0.03328681277127562,0.03159334175052029,0.829525632432694,0.18942731277533043,0.16857962697274032,0.01409318819845174,0.027437599919082657,0.0008406905006785897,0.03049471359893182,0.0289593220707883
0.017610406062786122,0.0168513760674827,0.8292143105158634,0.23568281938325994,0.16857962697274032,0.003986469677848098,0.011248749762251252,0.005810776904021714,0.017591965911381485,0.016850158494645558
0.015674437517959907,0.014857654567205017,0.8296143175713407,0.19383259911894277,0.26255380200860834,0.00658765496962259,0.013852991399620705,0.002053407953502347,0.014349733233792336,0.012570567283768597
0.009008971591099122,0.007728774072670295,0.8316614754072669,0.026431718061674013,0.05380200860832138,0.006583030596283047,0.010421230564113829,0.007397931839287257,0.01980133873475948,0.01700264285591446
0.03197867984374798,0.016616142434494694,0.8643097138252059,0.1651982378854626,0.1721664275466284,0.004125084559204292,0.007077827830969554,0.006396721100411438,0.03196050936317917,0.016614924618891965
0.012177213155148324,0.011485840891219087,0.8297551689925124,0.1629955947136564,0.11047345767575323,0.00608318232719846,0.011845134613545331,0.0058350820482984045,0.013376415105877646,0.012633248640224418
0.00675647699869426,0.006416441945375268,0.8295760655752952,0.05506607929515419,0.03586800573888092,0.006640579554661438,0.013241529040384278,3.802462032007675e-05,0.012368336273229691,0.011762639972407602
0.018273828741171918,0.017716445693799966,0.8286167418981188,0.37004405286343617,0.5588235294117647,0.002947404090467014,0.006637920441272699,0.0016113654879885886,0.016732553311065424,0.014989547276960573
0.05595114120904886,0.0524557587749585,0.8311175767655508,0.9647577092511014,0.4583931133428982,0.012762571924976344,0.025926439146961924,0.005819241885873948,0.051270738102044945,0.0480832279664263
0.037543018451690675,0.03500751654132766,0.8310999093911989,0.2114537444933921,0.2517934002869441,0.01514473059723966,0.023655230586160314,0.009874991824695529,0.03439630870759609,0.03208898611206325
0.02392083751686781,0.021521085435834822,0.8325417547927004,0.17841409691629959,0.1836441893830703,0.008502834853990475,0.01671973308838418,0.0029009820251292917,0.023902515681221488,0.02151987362967511
0.0020835196157996654,0.001621440437834127,0.8304976330245838,0.01101321585903084,0.0,0.0,0.0,0.0,0.022900375178648548,0.017839272349941326
3.781221225757968e-05,3.422545075260054e-05,0.8296047955449044,0.006607929515418503,0.0007173601147776182,0.0,0.0,0.0,0.00039717134295493825,0.00037988587077805735
0.008283312936114272,0.0072591757111503214,0.8311082022403845,0.10572687224669604,0.13558106169296988,0.00522884639028933,0.010495169904262054,0.0020611888859502167,0.015167588035230922,0.01330765390829364
0.015522511226433704,0.010141598773649285,0.8411914546204455,0.2246696035242291,0.17001434720229555,0.00499684109912433,0.00911540798771893,0.004369620997178346,0.015504031712787934,0.01014037297248556
0.026890119168448724,0.025483202379507637,0.8296384995851219,0.09911894273127754,0.1721664275466284,0.0065382226523305375,0.01236753289241043,0.0019247601838733265,0.024630967793378616,0.023358353985265628
0.011812648414511536,0.01254238663990113,0.8262044405708061,0.07268722466960353,0.1248206599713056,0.0030324738909836947,0.009083093010717407,0.008170986270467794,0.025969543526648875,0.02299355260577756
0.05804043870971265,0.05467081305499917,0.8305252731236973,0.6916299559471366,0.40746054519368724,0.013871552851651684,0.02260655404115439,0.005738144209638373,0.05318596330228093,0.0501136969636081
0.05138086329039793,0.04886173047018064,0.8292446015405811,0.2643171806167401,0.5896700143472022,0.012626191620049763,0.02404543168751057,0.010273854948322714,0.04345816042026511,0.04134328253907931
0.0014002463365206691,0.0013190390341298193,0.8296227579217964,0.022026431718061675,0.01793400286944046,0.0,0.010751229014839114,0.00033395007702315615,0.015384228024624849,0.007255574988853772
0.04681381730143768,0.045010904492031836,0.8280296458705514,0.6255506607929516,0.5021520803443328,0.008233855330091265,0.015150828828795053,0.003934469356112361,0.042894700630862315,0.041258769696509545
0.03135386626841467,0.02928529689489566,0.8307288207791759,0.4845814977973569,0.3543758967001435,0.006884321464047293,0.013624643950126959,0.002057916373467576,0.02872281283695532,0.02684361154776427
0.011880904585381304,0.010702619799360479,0.8310269618186202,0.13215859030837007,0.18292682926829268,0.005123296270614629,0.004876218638461288,0.005374607256516904,0.018651572652969323,0.01681745033386212
0.02432896334575368,0.01754986198512553,0.8435775826668308,0.1982378854625551,0.1642754662840746,0.008105535678764344,0.018084173045833925,0.0030580146623815255,0.024310649170983255,0.017548645374361325
0.005863597550695565,0.005343014855557547,0.8301502839225317,0.05286343612334802,0.02654232424677188,0.0012797575301649238,0.002233246530869514,0.001282019458698508,0.009195626882186999,0.008395203589127999
0.004371456224928656,0.004139227826259716,0.8296157065416342,0.13876651982378857,0.14634146341463414,0.0019381687325196568,0.0034386079739383638,0.00415152440499321,0.0036802231884680552,0.003501118081895117
0.030798499934132795,0.026630850414201577,0.836116878285578,0.4008810572687225,0.11406025824964133,0.014146730383386768,0.02399161561238348,0.004565748219930216,0.03386021505423978,0.032547722312067116
0.04434750684097473,0.041778547554132815,0.8302927004960693,0.4955947136563877,0.663558106169297,0.010078070302849927,0.01715196108758409,0.0054262079112285975,0.0406338734800778,0.03829577228612566
0.03588044146726195,0.026981069070205473,0.8474323398870128,0.11013215859030838,0.20086083213773315,0.034163963621377594,0.033544514817657425,0.03317182537082376,0.05636583844596661,0.042397902243955156
0.008365827821078734,0.006783711840034179,0.8325102919523368,0.1431718061674009,0.05380200860832138,0.006291830700751837,0.00855460080371031,0.004395608509228376,0.030656507002064893,0.02487364088301856
0.021978265187509942,0.02082266262298489,0.8296459688855494,0.31277533039647576,0.48852223816355816,0.007689538130939036,0.014124605160568186,0.003240575916822605,0.018578571888139588,0.01761788808405507
0.004698437411480278,0.005705636030473065,0.8264343868563748,0.13436123348017623,0.17934002869440457,0.0034472697349785023,0.005586740007032092,0.002700007392337319,0.00736462663394618,0.008965037467955874
0.012861976125356554,0.010860870439229325,0.8329818985826747,0.2621145374449339,0.19010043041606886,0.0049408956995885996,0.008097242146589538,0.002158707596686146,0.011771595293496574,0.009954533107721458
0.01842365956825242,0.017461067069233394,0.8296231676475467,0.13215859030837007,0.26111908177905313,0.003601669612493326,0.007136097042640519,0.003509772672259543,0.01686990075140328,0.016004720903622024
0.02614373793998781,0.024866084429054486,0.829409016289651,0.29955947136563876,0.30918220946915353,0.004248749816315192,0.008861365213568229,0.00233605980233039,0.023946772157918173,0.022792661889473955
0.0013112556473449375,0.0012425382263512546,0.829602796083243,0.022026431718061675,0.013629842180774749,0.002135820005327113,0.004182280812842173,6.393456433550618e-05,0.007193270634804084,0.006834820025019268
0.019622981920988023,0.01860672649391528,0.8296018455195024,0.1365638766519824,0.05164992826398852,0.007986805622074215,0.015970685023145186,0.00025248188019482554,0.0179693002736079,0.017054909950778914
0.07046064724596589,0.05067970835838418,0.870453727632636,0.12334801762114538,0.25609756097560976,0.020737231544465884,0.03487277619753956,0.029017692814682423,0.08610141455624988,0.05574655624454524
0.02431810037615976,0.02302507976373009,0.8296872323658595,0.26872246696035246,0.2840746054519369,0.006118622502797613,0.01201149422498624,0.002131784679272304,0.024299786133996873,0.023023869852443025
0.027605170814480412,0.02601801549930734,0.8300011683329769,0.0947136563876652,0.2309899569583931,0.007809534277069349,0.011825575244121011,0.00650470868323697,0.025286444105869114,0.023848599952190335
0.0033448151588764763,0.002364175759870458,0.8316453936715686,0.05506607929515419,0.03371592539454807,0.003207047894022484,0.002820726651354389,0.0033390414312785763,0.012245781724425267,0.008668655069244859
0.025547417903184082,0.024048170263747195,0.830048299086031,0.2312775330396476,0.14634146341463414,0.008160388067417854,0.016028931871777095,0.00048058622914937425,0.03120643717472894,0.0293911092708898
0.00023889659804418768,0.00021726171158534323,0.8296241386975749,0.013215859030837006,0.00932568149210904,0.0,0.0,0.0,0.0026091411064197937,0.0023932872332839946
0.020311816371788634,0.019204367716365925,0.8297424715915115,0.22907488986784144,0.38450502152080346,0.006169819584281907,0.011649282394859269,0.0019257987665656053,0.01716847340277859,0.016248559791952676
0.008421913916682422,0.007887752844764872,0.8298493239699254,0.0947136563876652,0.09325681492109039,0.0014005810362061714,0.002982695395748092,0.0007906660757997618,0.006598571542621732,0.006196189830646971
0.0407874782689416,0.0403818977150981,0.825281271093834,0.1696035242290749,0.37948350071736014,0.01863494611305764,0.050015814206212046,0.029036762116623607,0.04484829747449805,0.040380709378989514
0.06357274981587899,0.0537891128886462,0.846041566800283,0.17621145374449343,0.22812051649928264,0.04027750197773383,0.05549046719138271,0.033626220101755776,0.058257343737925335,0.04930547081023087
0.0522651083327816,0.04901543109267447,0.8309785691102554,0.42951541850220265,0.4505021520803444,0.012636947878072808,0.027546345016099365,0.0052230513073869955,0.05224731859488263,0.04901425344813041
0.014526802150615433,0.016395188283489088,0.8229654028191057,0.10352422907488988,0.30272596843615496,0.006461461008716701,0.008536757990318142,0.006413461436916816,0.015961011515097764,0.016393970194261937
0.00451160662057555,0.004277509844355783,0.8296020667714076,0.006607929515418503,0.010043041606886658,0.007682366520015812,0.015340825015806286,1.600654881928563e-06,0.016524097390177964,0.015684222185585392
0.023842411176538444,0.022498093256321194,0.8298794797851455,0.5176211453744494,0.4791965566714491,0.0049132405840124245,0.009617375895345549,0.0003064223065761539,0.021837183026681306,0.020622000567046588
0.013238548832853607,0.01129023059588377,0.8327988699927698,0.20925110132158595,0.3436154949784792,0.0029367840364848447,0.004930951983759194,0.0021236249365180577,0.012116793484151598,0.010348113738721753
0.04262752641684453,0.02828560856461356,0.8603294698994876,0.11894273127753305,0.23242467718794835,0.025934828615594426,0.009876406591129212,0.04086434831898226,0.039057195225463394,0.02592722950284376
0.06495849171608982,0.061315683024159275,0.8303102080773785,0.24229074889867844,0.24031563845050216,0.02737678479057837,0.04928793005844944,0.006741896337861547,0.05952763092782885,0.056204835193125816
0.001058294865293034,0.0010027400133437187,0.829602623998428,0.037444933920704845,0.03084648493543759,0.0023902961638619367,0.0055972766613377216,0.0006323322495701721,0.0058019602179052235,0.005515928220195277
0.024418660486297917,0.023146226403447278,0.8296219220812658,0.1651982378854626,0.35294117647058826,0.007556990652126511,0.015974660053336892,0.0052357370857479164,0.029826818901022723,0.028288732155583887
0.0012235089268833072,0.0001386897721424759,0.8321872559763059,0.00881057268722467,0.0071736011477761845,0.0,0.0,0.0,0.01344008002595422,0.0015289948290944102
0.03035481264022377,0.028758755357180265,0.8296632879930135,0.43171806167400884,0.2503586800573888,0.007996160551917694,0.01587441753799607,0.0008026532977574806,0.027806996424866257,0.026360947873806568
0.009223010998116813,0.00823990186020276,0.8308811363268402,0.14537444933920707,0.16212338593974174,0.0028326093749096535,0.0072248370517303965,0.0010278435163129129,0.014474804195954505,0.010069868327178289
0.022645240599589507,0.01978247234216439,0.8338814023003109,0.048458149779735685,0.07532281205164994,0.021797300354824557,0.05639091399493602,0.011358578630709939,0.08301533672138403,0.07253582162915374
0.021175831991530777,0.023745642650457095,0.8203177140482607,0.2841409691629956,0.3020086083213774,0.005348208236807608,0.012793656553088093,0.010078935063147557,0.01939277295348922,0.021765588868532953
0.04457017553439463,0.042498290078552166,0.8290048300315208,0.20264317180616742,0.6621233859397417,0.012145406993649872,0.0229878639066328,0.006395199197808912,0.04083799034299288,0.035958826295265145
0.04827814253117089,0.045700392313436235,0.8297997348623697,0.30837004405286345,0.30272596843615496,0.010385614297165382,0.020508348071101405,0.0016812437769906257,0.04423702395421816,0.04189080098215528
0.10351444198191348,0.11172538539059776,0.7952404126274281,0.3722466960352423,0.4483500717360115,0.02324556834669058,0.058664437323064464,0.03421266419748299,0.09487124875608448,0.10241378637169293
0.034754265840038934,0.023154690536053502,0.8544173731584851,0.4647577092511013,0.20086083213773315,0.009139762306283659,0.02245193945926726,0.007129252006706852,0.031839904161884834,0.021223882092826902
0.0017578045812176766,0.0016501660631750366,0.8296428180945299,0.013215859030837006,0.00430416068866571,0.0037578686189335955,0.007523770542223303,1.4403081355949812e-05,0.009649335872714142,0.009076775903932018
0.0354428255597518,0.03360990233161174,0.8295961421370587,0.4955947136563877,0.3034433285509326,0.011302358616706356,0.019355257532831956,0.012041329658678355,0.032471095752746336,0.030807838107286135
0.01760650863542946,0.014448750071878786,0.8352888471278194,0.11233480176211455,0.09182209469153516,0.024150685320139875,0.04670167138903588,0.04358513387851157,0.03871627527539093,0.03178660836226537
0.05920304436173314,0.06898883264899854,0.7970609306645902,0.13215859030837007,0.3041606886657102,0.015566673340439433,0.030508111113496307,0.017244404384574426,0.05425170527962872,0.06323856439295569
0.04018309547195388,0.03815713824152423,0.82946358766233,0.3876651982378855,0.6341463414634146,0.012822385287600529,0.02086243614172266,0.01522601084913339,0.03681642486146751,0.03497614297195541
0.03852418043109233,0.03615721629082654,0.8305445302339601,0.42290748898678415,0.3536585365853659,0.007919671123325308,0.015670035554974582,0.005483067649080056,0.035295724133773396,0.03314287891354761
0.020540605937331282,0.01944969488007418,0.8296706056949135,0.22687224669603528,0.27403156384505023,0.007133717916527619,0.015150201506992646,0.0034792330712171723,0.017362068106423066,0.016456144640615178
0.018884412611283156,0.016455424235416426,0.8332759587536462,0.0814977973568282,0.21305595408895264,0.015728554304536617,0.014367335514299898,0.0135358636236522,0.029657291740859036,0.025857582760167964
0.02430906155273233,0.032184352115501934,0.8064725524002871,0.07488986784140969,0.20444763271162122,0.02148610443189512,0.05184131004804948,0.015200068190355276,0.02429074705558107,0.0321831535630229
0.02059948371032354,0.017953645283797448,0.8336002525877305,0.23348017621145378,0.15710186513629842,0.005360361093032891,0.006409405654555691,0.006060435100514257,0.02058109951292036,0.017952429173068978
0.010631545340185343,0.010266491249149958,0.8291314762609305,0.14096916299559473,0.22812051649928264,0.0019606901816877926,0.003197196461156335,0.0018400062998389212,0.014599878536860553,0.014115378669199319
0.019973670182086987,0.020570044428589646,0.8254723999618218,0.2048458149779736,0.3206599713055954,0.005278965326534419,0.011683970360203086,0.005119652821203901,0.018290770484541957,0.01885462022695054
0.0002795090197116996,0.00026396087640052874,0.8296034024773535,0.0,0.0021520803443328554,0.0,0.0,0.0,0.003055886130396708,0.0029069786823936465
0.004739037888317889,0.004920390731026924,0.8285202596784443,0.0814977973568282,0.10401721664275466,0.002853931436970876,0.006213884640189399,0.003854035153027698,0.013013828022142297,0.013530665519358238
0.04335908240499253,0.03563891720990643,0.8434660717066362,0.16740088105726875,0.2604017216642755,0.032060686342683754,0.04424965804305873,0.020425097630655174,0.09537300104436448,0.07840503379701545
0.025694187441001073,0.02314994635008496,0.8326751778860196,0.19162995594713658,0.48637015781922527,0.00896184266479509,0.015536252529535157,0.006123948961883478,0.02567589896092881,0.023148736512526052
0.0005024678018577965,0.0006883292821296816,0.8290641706119329,0.026431718061674013,0.015064562410329989,0.0013136765836690466,0.0045111923427555425,0.0014493921814180118,0.0027448539855522767,0.0037866670570444023
0.03957192118596462,0.036757302419484036,0.8315407374231761,0.4889867841409692,0.5258249641319942,0.012096382033588498,0.024521719500480967,0.0041015664458539545,0.03625617112458973,0.03369295842736308
0.007702166246094894,0.010097470724626738,0.8225257179219718,0.09911894273127754,0.10043041606886657,0.002583441602353374,0.009445314865654987,0.007984594724241834,0.007041680850477046,0.009254749228736902
0.00876960061266739,0.008316380014978747,0.8295987930626629,0.06828193832599119,0.05882352941176471,0.005968259612662929,0.011861439968002593,0.000486025613560404,0.012039656385982218,0.011433972312633562
0.015159884961049617,0.013661954659827643,0.8314065563372189,0.2048458149779736,0.27116212338593976,0.00506201352605552,0.009489128878780707,0.004479285766706204,0.01665741567844033,0.013660733169647577
0.009076256817938269,0.008176183818164814,0.83069010989029,0.06387665198237885,0.06097560975609756,0.005233614207430955,0.014487334425150494,0.00429377603876672,0.024941403965344423,0.022484107596705626
0.00010817067319013644,6.511443783973861e-05,0.82969551702053,0.0,0.0014347202295552364,0.0,0.0,0.0,0.0011711289407959522,0.000719665149510716
0.0022540866675904003,0.0022614848449681417,0.8292864714150016,0.04405286343612335,0.08680057388809183,0.0020536691799996443,0.004199303519612511,0.0024149815767709527,0.004940312953929313,0.004974591659732687
0.005864882473112188,0.005149689277339413,0.8306429053866009,0.1585903083700441,0.17001434720229555,0.0029357885210535687,0.0035114796717566157,0.006311632963281371,0.006432721018922175,0.006292937219084478
0.0008259337956096266,0.0005129206108793783,0.8302850140409942,0.01762114537444934,0.014347202295552367,0.0,0.0,0.0,0.00906667149081215,0.005645539153025618
0.0329589135392258,0.04207287963470441,0.8022021775735423,0.29735682819383263,0.28622668579626975,0.009892115588251305,0.02351418497100354,0.009030826157642374,0.0301941337859845,0.03856557696810634
0.024509048720572208,0.023103140392543332,0.8299480555839689,0.2114537444933921,0.3170731707317073,0.006577225176564986,0.013409613112034936,0.004937483551792632,0.024490737909096144,0.02310193062646692
0.011194694584350635,0.010194339817866428,0.8306663580885466,0.23348017621145378,0.20014347202295552,0.002239627176623348,0.006381592588657362,0.0023841556845474433,0.01366389046069097,0.012458628789170504
0.019158010646597532,0.016425507709368542,0.8340086508265736,0.4691629955947137,0.40674318507890966,0.007738988113248438,0.012120230646686075,0.00598443115723782,0.02339701505202392,0.020074510246090072
0.007179612359554397,0.007125935604199542,0.8287954888539334,0.037444933920704845,0.057388809182209476,0.006605113219391784,0.017835399466367724,0.008337609514257565,0.019725533800218322,0.019595921431643792
0.018045433355016044,0.016471425345594776,0.8312209628641174,0.33480176211453744,0.27761836441893833,0.006097483848020346,0.010075050526785357,0.003777057168400749,0.016523187006410617,0.01509754814087066
0.04286041988466072,0.034282934364714614,0.8457023302680862,0.13876651982378857,0.24318507890961263,0.022528824264613775,0.02841031751017207,0.01817163061362422,0.04712857605379292,0.03771008251559185
0.0005119212815232594,0.0003606034396144363,0.8299167320503604,0.004405286343612336,0.016499282639885225,0.0,0.0,0.0,0.00561246899870157,0.00397004819422526
0.0011603549047860546,0.0009551039850647589,0.8299683042305475,0.006607929515418503,0.015781922525107607,0.0,0.0,0.0,0.012745372742870792,0.01050956229254911
0.006436196861717776,0.0060935460466240415,0.8296246713410502,0.10132158590308371,0.11406025824964133,0.00597721790012232,0.012045735700688271,0.0011558879132147772,0.017681102806144475,0.016756846632472115
0.005561505976851603,0.005567397700310543,0.8288567510481143,0.2180616740088106,0.242467718794835,0.004510421235659855,0.009920987116696962,0.0009009737422250781,0.008720902667857595,0.008747805664391688
0.0015360488140831593,0.0014560702828692405,0.8296018455195024,0.01762114537444934,0.005738880918220946,0.0017172036910773813,0.0034292881774129393,7.401530019090738e-07,0.005613513969100091,0.005338930982118821
0.01353368680929021,0.012881974565409345,0.829476936527274,0.30396475770925113,0.2718794835007174,0.004342453852579561,0.008244671831041545,0.0018355794447345029,0.011433025259791823,0.010898835967558428
0.005318471348448435,0.005042694291947218,0.8296018455195024,0.06828193832599119,0.055236728837876614,0.008389354492948024,0.016754767295263682,0.0,0.019482656926065416,0.018489901967904156
0.013711704022131382,0.012078983874586323,0.8319376961190715,0.030837004405286344,0.07030129124820661,0.01844968882878879,0.08014196114255281,0.03324442105755701,0.07539701691558888,0.06643534489810786
0.06255463223916416,0.06342962562719166,0.8191853918675461,0.0947136563876652,0.23601147776183645,0.020908033438854622,0.09810582026714121,0.07646560083271522,0.057324051711663056,0.0581426183122742
0.009275832742348654,0.008497052273185281,0.8303568143814721,0.09691629955947137,0.10975609756097561,0.00800772708401522,0.012572024762778985,0.0033397001674502756,0.020388444287782186,0.018692856990166238
0.034970782946059195,0.033021307747547905,0.8299531484750448,0.18502202643171808,0.4088952654232425,0.02416899815132215,0.04206045975887053,0.007889515113708397,0.07691839583226266,0.07264628584833761
0.021446008686280306,0.01727945794756308,0.8373400161788407,0.19383259911894277,0.23601147776183645,0.004321863971701916,0.009005774923823954,0.0036666849606336663,0.023572281571789762,0.019006235294349704
0.00023667827249092025,0.00022306249831700325,0.829604123594674,0.04185022026431718,0.02223816355810617,0.0006520645380887072,0.001304624804311817,4.717291142367291e-06,0.0006321066673286803,0.0006129968824889862
0.02972411026374867,0.03056627403047908,0.8235719321390087,0.14096916299559473,0.38737446197991393,0.011144619568261764,0.01681232917943218,0.006795991752281475,0.04669142215744001,0.04803180275526452
0.026355079521851874,0.008500880630621016,0.8713562018619618,0.1696035242290749,0.06384505021520803,0.025384262151096963,0.019916526629267916,0.040989010364696,0.036220143766317894,0.013357570136362126
0.02504056976156072,0.0236097327253453,0.8299415081664795,0.5440528634361234,0.3708751793400287,0.01200935537388217,0.02431955049440165,0.0009653353748426858,0.05507151674918912,0.05194079515833132
0.009269474680032136,0.008800942302773307,0.8295720420684275,0.41409691629955947,0.2503586800573888,0.002885979736178661,0.005735887789794807,0.0006533010801754569,0.008478407216347005,0.008066263251588103
0.027576603900567143,0.0250326778461586,0.8324276338794766,0.1299559471365639,0.2460545193687231,0.010979535830335986,0.017182373471202717,0.008421626946055069,0.043316705929034555,0.039336140839985496
0.02243065343680059,0.02068150529163299,0.8310896375666396,0.23568281938325994,0.17934002869440457,0.007328030018405308,0.01274087746750469,0.0030617866301098544,0.030823956610159096,0.028436040800956366
0.2952277588973625,0.2852258162458525,0.8162291263423973,0.40308370044052866,0.17360114777618363,0.04214990800145842,0.07483695147265232,0.023284075824895525,0.27061175466842485,0.26145604488362606
0.032703253225616,0.029510009826257653,0.8333998270424691,0.2180616740088106,0.3385939741750359,0.006769651368912873,0.013161311662591506,0.005550948857252341,0.02995977397431812,0.027049598775260766
0.048476749217954924,0.04597151801093796,0.8295900700014396,0.059471365638766524,0.028694404591104738,0.010334338929729884,0.020442665126414662,0.0006367009286486403,0.044419083438552366,0.042139333238637264
0.024628828062023017,0.016509967811410155,0.8469307945961025,0.22907488986784144,0.10258249641319943,0.012702502853986266,0.009540007106044588,0.01765164174729581,0.024610519635424013,0.016508749912865484
0.016616903367691217,0.010530476396624678,0.842834495851619,0.06387665198237885,0.06671449067431852,0.009915551950175926,0.003820289721333443,0.015251115506682743,0.018260166010195627,0.00965167158627371
0.015290215000112623,0.014216778471262057,0.8303145757538765,0.12334801762114538,0.2704447632711621,0.00433956267807339,0.009226732352834714,0.0035161492384015902,0.012919346329979006,0.012028286852423284
0.12241685715826355,0.11406301830373289,0.8347077945550685,0.6211453744493393,0.4935437589670015,0.030489642039853108,0.06259141416346725,0.010469637407806294,0.11219878797714597,0.09651367137632395
0.00029008872619651365,0.00027460778761233436,0.8296018455195024,0.004405286343612336,0.00430416068866571,0.0,0.0,0.0,0.003172265086222627,0.003024094850757235
0.009790549114069031,0.007979667402726364,0.8329028174156142,0.2180616740088106,0.08823529411764706,0.004254221724366904,0.00754419840725913,0.009423600782675857,0.01075103538096027,0.008776453026723433
0.006522970931744512,0.0059525100706430975,0.8301901543352908,0.0814977973568282,0.05308464849354376,0.004499833133157154,0.011693070189249548,0.014689826843000813,0.023899238299659033,0.021825897287668674
0.021868782289434834,0.021167938070211875,0.8285087873574367,0.2114537444933921,0.34002869440459116,0.005691273395517606,0.013251138592493297,0.006099687782695101,0.02002798919143437,0.019402690077153548
0.02163872657192255,0.020518125364751772,0.8296018455195024,0.21365638766519826,0.24820659971305595,0.0044067709258564765,0.022507059338128115,0.017190030376564577,0.03965297251235907,0.03761575825711803
0.03142610859966322,0.030009686520986782,0.829067993353183,0.3568281938325991,0.6226685796269728,0.007685484829963639,0.012253047627395366,0.005581672312300385,0.0265730510041233,0.02539153320721289
0.00903483556064595,0.008566085680471068,0.8296033492130059,0.050660792951541855,0.05380200860832138,0.005257946755263068,0.010442055565877672,0.0006330390956869953,0.009919734868255934,0.010468537993871367
0.021371292068837713,0.020262306624706534,0.8296074874430838,0.1431718061674009,0.24820659971305595,0.005377179347911233,0.009829386759241289,0.004565568954873154,0.019571947929090876,0.01857252689072037
0.0044983017864687605,0.004264960080927399,0.8296018987838499,0.00881057268722467,0.010760401721664276,0.0068628835658067315,0.01257109978121539,0.0012165163621213559,0.012351791315287096,0.011728228999492349
0.0027816386122428366,0.00048392962179398,0.8350542791357876,0.013215859030837006,0.00932568149210904,0.0,0.0,0.0,0.03057982828681507,0.005326637878166894
0.009821074980086263,0.009025784679864321,0.8303271502371523,0.07929515418502203,0.10616929698708752,0.002449455824314047,0.006617646611307592,0.0022540151743441726,0.021587999727078585,0.019856069725353614
0.015524446288877863,0.008599100813657341,0.8451019919042698,0.3325991189427313,0.12840746054519367,0.0016261325146392559,0.00427183475943966,0.004377059978939333,0.015505966982198525,0.008597873118481187
0.0361326992107539,0.0341801042956536,0.8298087447316183,0.15198237885462557,0.411764705882353,0.007548990619460708,0.01473955441883354,0.008365376946246584,0.03310349186580063,0.03133052400693087
0.04970576812423169,0.04289969804809659,0.8403194926677426,0.32819383259911894,0.7733142037302726,0.017924262772944188,0.018258426810060617,0.016902892756453167,0.04554570531248062,0.0393234947856356
0.002269512562206968,0.0021515660041717317,0.8296018455195024,0.0022026431718061676,0.0007173601147776182,0.006657328790482924,0.018066594347644366,0.0036633821018779472,0.012463782596770384,0.011834478994484207
0.017839956684633968,0.016925734548446,0.8295771964183659,0.43832599118942733,0.21305595408895264,0.0052444443110183266,0.010474110476157792,4.548773106892633e-05,0.01507686050293298,0.014320483253718742
0.032118695433457405,0.02639407961318147,0.8398863551880981,0.4889867841409692,0.2525107604017217,0.008733367674255768,0.009389358107893016,0.008028498675917276,0.029423919273237238,0.024193325876137522
0.004274184355822149,0.0013423716267854785,0.8364643052355227,0.013215859030837006,0.005738880918220946,0.009335960800341896,0.0012216288189166836,0.015248335047915772,0.015653532682565887,0.004922035334209283
0.0012942769248410826,0.0010825012354219474,0.8299672717216567,0.03524229074889868,0.020803443328550934,0.00508161995777057,0.0,0.0007870186018063541,0.007099885908153448,0.0119109337819015
0.014681011611057228,0.010527626972514649,0.8381934298468288,0.037444933920704845,0.10903873744619799,0.006895709704958784,0.010482767092904398,0.005355842749581905,0.040354768963224236,0.02895058427909027
0.02777334719388643,0.025901933423738015,0.8306989189939209,0.1982378854625551,0.21951219512195122,0.006113542603682817,0.012434296588794864,0.0014850949417710996,0.03392706856999799,0.03165682264512297
0.012295250257837686,0.01165660246079761,0.8296061886124554,0.10132158590308371,0.20373027259684362,0.010458734630481671,0.023370970526628242,0.002467118102256028,0.022522944522221585,0.025643876010881046
0.008039464352873484,0.007616543007539285,0.829617775656673,0.11674008810572688,0.06743185078909614,0.00679662729835752,0.012873159470340078,0.0021279113105827133,0.0110357001839904,0.010471695324738543
0.020242051739542643,0.01919319978609482,0.8296032385870534,0.12555066079295157,0.2718794835007174,0.004912822029284409,0.00995225951339504,0.0026386267999501997,0.01710944055285188,0.016239110047863374
0.014797970266246846,0.014773830367307207,0.8277220852361082,0.19603524229074892,0.3385939741750359,0.004130100265769703,0.006299413818111767,0.00528737652447691,0.011608424113692919,0.011606686089147954
0.012430551052544283,0.010865642132415285,0.8319339184476541,0.17400881057268724,0.1205164992826399,0.010021011524570442,0.017965610767457677,0.0050903011657295934,0.022771000635324733,0.01991951714258244
0.07524884834775701,0.06912926346619631,0.8352330097025721,0.3480176211453745,0.28981348637015786,0.026450311583394948,0.05576585394403114,0.008867425095931115,0.06896063502767401,0.06336729286079706
1.0,0.9999999999999999,0.6985211338283326,0.73568281938326,0.3823529411764706,1.0,1.0,1.0,1.0000000000000002,1.0000000000000002
0.18422702787377251,0.17522895850856307,0.8282370572398551,0.6233480176211454,0.43830703012912486,0.03823914508575097,0.07871656358912524,0.014285937784429464,0.1688591746151122,0.16062546709171777
0.19959101414336117,0.17270604668733996,0.8715160973360062,0.6541850220264318,0.4641319942611191,0.13229508007933657,0.21056686916192247,0.0520717626895309,0.2439303811355467,0.2110842943682313
0.3312752249211471,0.3159115703022877,0.8250808906184051,0.7312775330396476,0.22381635581061693,0.14622230997670854,0.2996118295204312,0.022555845651633006,0.3312626724622656,0.3159107231109173
0.2240026630145065,0.21373864866535677,0.8262288930035825,0.29295154185022027,0.07962697274031565,0.10736022205100562,0.21206819251027764,0.034637162224270095,0.20532085802383898,0.19592606011748134
0.055974597442168254,0.051616612273948884,0.8332987722834215,0.3436123348017621,0.27403156384505023,0.016175550482724593,0.033268501128776225,0.007781038585809803,0.04734523913127002,0.04731400932859045
0.008133837041122296,0.007502224630027845,0.8301338498226881,0.037444933920704845,0.05308464849354376,0.004399655109359634,0.0027097591309393587,0.0057113500788468635,0.00892861789300362,0.006875770636624515
0.04202179726688641,0.03839778756020007,0.8332691368199042,0.4405286343612335,0.3938307030129125,0.015673902215943215,0.02241950842580444,0.01755733233997616,0.038501933019542585,0.03519673839459214
0.05904467127486829,0.05874297343098257,0.8226250764164132,0.22246696035242294,0.29340028694404596,0.00982033827890431,0.016971625926228664,0.01151657568732366,0.05410652722493572,0.053846515145562754
0.12379610789662467,0.11363025048826202,0.8391153701465501,0.7312775330396476,0.31635581061692974,0.02047506318791185,0.03931242455152823,0.021654797301985336,0.1134631248236629,0.10415991475492153
