144723015,143972186,750829,213,661,4812646.40,7755812.05,6100603.97,12060251.25,11997682.17,2ed88f53-6820-4cfc-9761-9722784da671
11403080,6840016,4563064,118,184,1807911.55,1025651.97,1130574.08,2280616.00,1368003.20,3046cba9-e256-4795-bf0f-dd6600561189
763874,771900,-8026,7,5,0,0,0,763874.00,771900.00,3b5bfbc9-e073-46ef-a514-78940845824f
22976322,15043613,7932709,90,403,3503443.81,934750.88,2895552.89,1914693.50,1253634.42,3dfeb0d8-432e-4147-9e82-338a8064951d
8333455,8321452,12003,66,243,1124679.17,1104286.49,97465.73,1190493.57,1188778.86,48291091-48ba-4fa2-bc1a-eb4a5405ca91
11706878,14053127,-2346249,65,147,631839.92,1071803.11,591264.33,1064261.64,1277557.00,528131df-1533-41a5-9569-e697e92ecc2d
12848932,12795806,53126,101,357,721667.49,615448.58,310013.43,988379.38,984292.77,606e9378-37b2-4679-9a2d-4cc21c645397
20509941,20685688,-175747,242,893,499777.16,471256.16,252754.70,1577687.77,1591206.77,79ad6a02-9bd4-4e5d-bce5-6f5a7c73a6e7
6072667,647521,5425146,27,18,2717175.89,0,2259309.40,3036333.50,647521.00,7cd0d667-2f90-4386-bf71-b5f251e1fa2b
1284000,823156,460844,2,3,0,0,0,1284000.00,823156.00,7d75a1e8-4ede-4b02-84fb-bd68e349226d
4292306,3920990,371316,13,71,1295425.28,555399.85,820664.18,1073076.50,980247.50,7dad07f8-0c94-4ac9-ad29-e354aa8ef699
9197647,9211705,-14058,126,373,264438.23,272599.36,67682.77,707511.31,708592.69,821f113a-f05e-4878-9175-42ce7db522c8
38482822,14103673,24379149,13,112,5614860.74,1384546.34,4980869.30,5497546.00,1567074.78,83bb3971-663b-404a-9250-5794901cc0ac
11403080,6840016,4563064,118,184,1807911.55,1025651.97,1130574.08,2280616.00,1368003.20,a212219c-24de-48ab-8683-404ed91e939e
16599045,16592577,6468,89,372,616504.95,474874.77,199686.63,1844338.33,1843619.67,a2a7f579-64c5-4a25-b727-f370231ee34c
22976322,15043613,7932709,90,403,3503443.81,934750.88,2895552.89,1914693.50,1253634.42,a7d00e89-c358-43f4-8dc5-c16041ac1176
20984444,21955985,-971541,96,250,1128219.92,798371.75,621234.87,1748703.67,1829665.42,a80db790-e50f-4125-b560-49b75ac69921
30325157,29548475,776682,67,605,1168357.54,1115193.61,758808.48,2527096.42,2462372.92,bd07eeba-ea5e-4be1-8701-1a5e01b4d205
4321599,1714857,2606742,11,37,1443564.86,162288.78,1281276.07,2160799.50,857428.50,d1b8cec8-9533-4d27-a176-45320edaa16a
54077381,54084839,-7458,138,240,3809751.62,3940742.07,590473.19,4916125.55,4916803.55,da5912ba-dc80-406a-9b5e-a0c334e5fc5f
14478543,13516598,961945,75,406,560664.20,479426.52,588018.03,1206545.25,1126383.17,ed389def-b8c8-4174-b391-41578f7e4b70
122479628,114091478,8388150,105,428,4291525.17,3717435.79,2017450.06,10206635.67,9507623.17,f8639b14-f673-4f80-b413-e245eaa2fac1
40475791,40131399,344392,98,580,2762116.47,2736920.03,470586.00,3113522.38,3087030.69,005c8b1e-25e4-49bc-9f00-8a421d4343a5
18325545,18325634,-89,228,546,924424.56,818364.58,421034.80,1409657.31,1409664.15,008c7434-283a-43a7-85aa-9f2c37a93a40
3685026,3674734,10292,33,89,587750.55,609023.81,24736.16,1228342.00,1224911.33,00d55ffb-beea-4cda-8677-05736c24e823
31205394,25087565,6117829,165,413,1706189.49,615012.73,1414328.41,2600449.50,2090630.42,0148c4c4-f33d-4f8c-8966-a2c9810d6fd3
3579078,3270961,308117,44,164,350715.77,316874.16,97368.29,715815.60,654192.20,015a7094-efd6-4209-aeb0-9afc5a2979fd
20000,657600,-637600,1,4,0,0,0,20000.00,657600.00,031d6f21-d70a-456c-ab6a-3c254ef3924c
2394863,2394856,7,133,253,323972.14,323882.04,961.89,342123.29,342122.29,032cf193-5116-4738-a6d4-191ed398ee65
18450136,7153288,11296848,62,111,802610.16,361337.73,665391.72,1845013.60,715328.80,0341bf59-33b2-4e3b-b293-4e46300f30a0
3773046,3903789,-130743,115,70,432483.21,614938.80,493598.35,943261.50,975947.25,0366fdf7-b17d-4765-9e7d-5fce2ffe07fe
18361772,17489646,872126,194,384,406634.34,384117.47,73660.45,1530147.67,1457470.50,03a7e689-6128-45f6-8d20-0416f5a0f316
14993787,14601456,392331,132,398,508228.79,589452.41,262770.38,1363071.55,1327405.09,03d6c8e2-9735-49e5-b13c-b0abc64eff8a
50566487,46950036,3616451,132,502,3052559.65,3100877.33,3445559.78,4213873.92,3912503.00,0493068e-e43e-4dcb-879c-a73970f7579a
50450100,51824783,-1374683,130,615,2251243.44,1754505.36,1027898.55,4204175.00,4318731.92,04b31f50-bd6c-472f-91f9-31a5c888eea5
20001439,17075942,2925497,32,98,1682911.84,1723049.29,2511646.74,4000287.80,3415188.40,04e4774b-8ae1-4b72-8c6d-10832d44ce23
2541218,2155582,385636,33,85,582494.77,732206.24,149711.48,1270609.00,1077791.00,064f2522-535b-42a9-a57a-235da3819771
75256098,74982468,273630,397,1045,2221030.70,2090498.89,761878.99,6271341.50,6248539.00,07149092-a031-4c01-8649-f66b400de571
24888535,26748114,-1859579,154,424,1210095.51,772827.69,790620.72,2074044.58,2229009.50,07440e02-23c3-4cd2-a457-3f8f67251029
12674286,12657380,16906,389,1208,924999.72,899449.64,125635.62,974945.08,973644.62,0781250f-1cbe-4bb2-a277-df1ad96f2b32
24621573,24622410,-837,416,637,1117142.62,1076362.05,188194.85,2051797.75,2051867.50,07d0d4ca-e55d-47b9-bda0-2bc56b7a4504
16135744,16215804,-80060,180,820,711336.24,676477.09,93840.95,1241211.08,1247369.54,08262017-9bc0-427b-b054-5bb59df91446
903675,904502,-827,5,19,624852.58,624742.98,109.60,451837.50,452251.00,09515f6c-dc00-422b-ae6a-f4d7aec4060a
26578071,26699986,-121915,45,247,1314424.30,1390875.24,1042965.83,2044467.00,2053845.08,09c48d74-340c-470c-86c6-61f06c322c1d
43110393,36773343,6337050,158,419,1984203.39,2244037.05,720397.07,3592532.75,3064445.25,09ce75f3-1b68-46cb-91ec-71516a53ea83
16775270,16780920,-5650,227,914,685073.36,650763.98,99133.35,1290405.38,1290840.00,09e0d323-4a15-453f-b388-1d2f0e9b8cfc
50366675,49938007,428668,153,745,2167864.33,2349052.90,443829.23,4197222.92,4161500.58,0a1c672c-0152-47bd-998d-e702062c1b2c
10873452,10595194,278258,90,263,767139.46,704196.00,135909.62,906121.00,882932.83,0a25b2bb-3c25-4400-839f-b1967846e5e3
21622632,21311625,311007,221,493,1040539.14,1022454.75,362800.09,1801886.00,1775968.75,0aab3fd1-916e-41f2-b52d-e25856d5ba4d
1708801,1563809,144992,13,66,1224.00,91330.62,92554.62,854400.50,781904.50,0b56d1de-a795-4655-8ebf-51fe0f872857
22369233,22566289,-197056,94,669,963212.34,1130972.15,630924.71,1720710.23,1611877.79,0bec378e-e571-49a6-9948-0ae97b171688
48549964,48549900,64,100,300,2892466.25,2960145.12,267122.85,5394440.44,5394433.33,0c01ef43-c4f4-4017-b160-efc8047069d2
18571264,18417297,153967,135,384,1041134.93,1024069.57,272606.16,1428558.77,1416715.15,0c28278b-551b-42b1-831d-d886f988ed39
13978240,13605178,373062,104,267,1001241.72,932909.39,75495.74,1270749.09,1236834.36,0d0e7a41-6031-412b-bb02-a3789d73791d
1452612,1513359,-60747,59,88,305714.59,315140.29,42457.31,363153.00,378339.75,0e15f639-5096-403e-814d-dc21562d454e
55422620,53428892,1993728,221,949,1908773.78,1762538.48,811053.75,4618551.67,4452407.67,0f118c36-4e5a-4016-ad0a-1c2e0cfc9956
3850548,3850485,63,14,117,866743.58,688664.74,379542.76,962637.00,962621.25,0f8beb9a-c7a6-431a-a26f-6aead0a2f4d3
13548806,12467231,1081575,48,532,528497.10,428653.82,234900.95,1129067.17,1038935.92,0fde7722-34cb-484b-8bd6-76668361c65f
105814,85258,20556,17,15,0,0,0,105814.00,85258.00,112aac2e-847c-4228-b689-d043ede6be42
10051764,8822928,1228836,94,182,557743.12,380149.39,518085.23,837647.00,735244.00,11968e70-e8e1-487b-9783-09c219fc3762
9927335,9942699,-15364,70,405,393328.75,283981.13,318711.78,763641.15,764823.00,12573cbf-9abc-4a99-8f85-1f9bc9d65bd3
10499955,9708607,791348,63,583,874003.82,731833.84,515531.00,1499993.57,1386943.86,126d492a-a2ef-4ac7-ace4-df99e9eb16f9
18185030,18183876,1154,140,490,911728.30,1003857.99,419127.68,1653184.55,1653079.64,12a6f153-207a-4eba-97b9-f3b65bf9bf52
63123283,62404106,719177,286,1164,1695502.34,1738895.27,187477.93,5260273.58,5200342.17,1372f986-a1aa-41b8-a1ef-a86a1720a747
3705768,3705386,382,46,194,271246.36,268058.33,7685.02,463221.00,463173.25,1373a5f7-c5f3-4663-a09e-7953750f72d3
6807512,6610715,196797,47,71,576479.06,493373.78,422475.54,618864.73,600974.09,137f11ce-c373-4194-8b6c-bd30fe66537a
5627417,5627417,0,7,38,2082263.94,1400372.89,921414.45,1406854.25,1406854.25,139159fd-e5b7-4ec4-b683-f644921d11cc
14993787,14601456,392331,132,398,508228.79,589452.41,262770.38,1363071.55,1327405.09,140e718e-92e1-45d6-b12a-32a97c59fbda
33017310,32970185,47125,121,274,2631410.95,2409270.14,619448.74,2751442.50,2747515.42,1498a86f-8792-4d12-9c4e-df4b920e2bfa
30840644,31798856,-958212,159,336,1989137.91,2016734.43,230352.67,2570053.67,2649904.67,14ee52a6-bbc8-4d88-91dc-c9f225e5382b
1849000,1847017,1983,11,47,378302.13,395670.79,17368.66,924500.00,923508.50,153dad85-90f6-409e-b8b9-e433281b8129
28803872,28780889,22983,153,446,1667152.17,1837436.09,479819.64,2880387.20,2878088.90,1563900a-d5fd-4cd2-abf8-78d8a38671cf
11030427,10855030,175397,247,755,429928.35,333004.79,223118.99,848494.38,835002.31,15e55aed-085f-4998-9b5e-a9a56a242205
5280628,5272371,8257,102,223,227526.65,296777.14,143112.28,406202.15,405567.00,16193c72-ce83-4945-a651-7e7a7ce4f70a
21949120,24667250,-2718130,149,430,641032.15,708803.53,636417.72,1829093.33,2055604.17,162e329f-2714-40a2-8d5d-48315bba2065
13202116,13203081,-965,201,459,1521964.35,1409269.06,191449.56,1886016.57,1886154.43,165e78c4-a86e-4f4d-aea8-38ea8641d588
7636162,3795677,3840485,325,78,375598.11,614364.61,299303.18,1527232.40,759135.40,16e0f8da-7f0e-49c3-b325-dd606c0c494d
46091579,44833253,1258326,151,1359,4830294.88,4576975.57,542377.85,3840964.92,3736104.42,16fb8216-b785-4263-8144-b7d698cbaaf3
9268320,9413349,-145029,41,404,711950.45,640987.98,195233.46,772360.00,784445.75,17060232-a593-4b7c-93d1-0399fc80c3d4
10731210,10685334,45876,59,337,718407.29,570011.95,410054.05,825477.69,821948.77,17d9922f-15ce-4a71-9c8f-a6ad74eb1331
98556404,96156268,2400136,53,609,7697807.40,7245874.55,2049665.99,9855640.40,9615626.80,18041100-c295-4a4c-9a7d-18853de41255
6286072,6436575,-150503,40,85,333158.73,331793.79,36095.88,483544.00,495121.15,188d5bb9-cc70-4fd4-a699-fef588e2a831
11836190,11929908,-93718,189,371,470663.01,439530.54,108437.48,1076017.27,1084537.09,18c5fbce-21a0-4a0d-91f0-f625e3d0b885
17299225,16481596,817629,146,693,622359.41,531022.43,588195.18,1330709.62,1267815.08,193c2664-03d9-49c9-a5ce-34a3aaa7732b
11916419,11913335,3084,53,429,825344.83,759987.08,215496.85,1324046.56,1191333.50,1973ef19-5018-40a7-ba54-83dc512377a7
3705768,3705386,382,46,194,271246.36,268058.33,7685.02,463221.00,463173.25,19f7f955-6a68-442b-83e8-07ec345bd0be
3810760,3810760,0,70,128,825995.28,825995.28,0.00,1270253.33,1270253.33,1a414170-0248-477a-a9a6-30d61d5625f2
14190578,14189597,981,437,514,654176.59,687516.79,95877.43,1091582.92,1091507.46,1a684293-b906-45be-8a75-30389206062e
9389803,9394103,-4300,169,541,509863.95,481491.38,72318.56,722292.54,722623.31,1acf1cd3-ec44-4e23-a784-b0f7e80887aa
30988110,30770443,217667,93,532,3035235.33,2697524.75,3342374.29,2383700.77,2366957.15,1b38439d-64c3-42cd-ae52-f19423077a35
13769080,13821276,-52196,87,174,661730.12,867086.92,416565.13,1147423.33,1151773.00,1b62c98b-67cb-4b28-bd1a-03e4e84716f2
113991668,111619976,2371692,235,727,2879549.31,2310897.88,2635881.61,9499305.67,9301664.67,1b7462e1-a3e0-4e09-ac6f-d2c435436f2f
9400902,552200,8848702,4,40,0,0,0,9400902.00,552200.00,1c524299-578d-4c99-beaa-3cae8f70e692
13849922,11600181,2249741,48,338,740075.07,509505.05,270817.23,1731240.25,1450022.62,1cb73a18-c40b-4e2a-9bb6-4de6be3e9ab8
6923199,6906065,17134,122,314,304417.51,290584.81,102511.15,865399.88,863258.12,1e2c1f33-f231-42e2-b36d-20c1196950fa
3432205,3205656,226549,34,219,158125.87,84662.06,85611.82,572034.17,534276.00,1e9237b7-8a37-472e-8dca-981cc01260e7
18040972,17991526,49446,381,1218,640745.33,713832.76,241624.01,1387767.08,1285109.00,1ee9a461-33ab-4610-b43a-1d23fbf51314
6189457,5577761,611696,20,73,1792971.18,1660489.30,194066.54,2063152.33,1859253.67,1fde6d35-a06a-423c-b569-53dfc8ac4d4d
8095770,10143874,-2048104,94,107,525201.89,746691.56,645986.15,674647.50,845322.83,20347b7d-7311-44a5-a817-1f598e88f831
18557668,18304175,253493,117,220,961439.27,986060.29,775113.82,1546472.33,1525347.92,20cb722a-e156-489a-a0b5-384d5c6c9f71
27492577,27024660,467917,238,724,1551603.65,1532329.67,148699.11,2291048.08,2252055.00,21037654-c391-4c11-aa57-bd79d88f57a1
387590,387467,123,11,34,194037.17,193459.47,577.71,193795.00,193733.50,211b9ccc-3184-4532-b3b6-69dfaf8b4154
5647794,7504428,-1856634,72,370,459090.52,342955.19,541012.33,564779.40,750442.80,21c9c454-62cb-4ef0-84bb-887ca7f99d3e
19504311,35508657,-16004346,120,228,966973.13,3202429.48,3401088.09,1625359.25,2959054.75,220250e0-dd25-455e-98a5-de57d4f8fd41
8054746,7953232,101514,69,237,627266.14,589087.13,200783.31,732249.64,795323.20,22fdaec6-ea63-420f-94ec-0747ccfb47b7
17729627,17310838,418789,236,669,1287059.51,1320155.44,88435.54,1477468.92,1442569.83,2306680c-995c-46d5-b156-d21b6a9f1df6
16843704,20005641,-3161937,79,321,1018074.43,802415.00,745336.71,1871522.67,2500705.12,23415cf8-5eb9-47b3-9061-ef65b789df22
9101000,6798988,2302012,49,365,483734.44,230802.66,514244.04,1011222.22,755443.11,235887ab-d728-4dc4-86b9-860d7f3d9eec
20184351,20041574,142777,248,465,733330.38,697519.32,99034.55,1552642.38,1541659.54,2364364d-fd6f-46be-b5e7-05ec35d463a0
7613306,7618108,-4802,83,191,397978.69,434992.08,89123.74,634442.17,634842.33,23d08d1f-ad58-4163-84eb-38324b9e1319
8152784,8152784,0,76,134,1115183.25,1117809.69,22768.40,1358797.33,1358797.33,23e14a75-81e4-4098-ae05-3e4afe67200a
52068302,52453420,-385118,115,701,2551633.10,1978347.22,1552254.06,4339025.17,4371118.33,243499fc-2ca8-44bd-87c4-d39934ae1c3c
7277146,7377188,-100042,61,215,597820.40,549435.58,247417.55,727714.60,737718.80,2436abd5-794a-4eb3-9c1d-ba17b1f71ea6
34819721,32398144,2421577,33,176,1225132.57,3263391.06,4395815.15,11606573.67,10799381.33,24a14469-0f76-4850-baa6-7df8b021a828
18299913,19132616,-832703,193,946,743884.23,722206.95,338336.54,1407685.62,1471739.69,2518cdb3-aec0-4160-a188-18a9c3115178
2919423,2919427,-4,77,149,236105.11,233827.93,13886.10,224571.00,224571.31,25521005-ad62-449d-8fdf-a22df5f01ee3
4322267,4322172,95,79,178,913673.89,898147.04,20416.42,864453.40,864434.40,2577793c-f023-44b7-bf49-038b65aca386
13746864,13318850,428014,38,235,886720.67,604864.79,588931.30,1145572.00,1109904.17,259f11d9-43b1-4990-bf58-5732af0f1b53
41252949,43945536,-2692587,154,361,2175364.15,2081203.49,563836.41,3437745.75,3662128.00,25a7049f-69a8-423f-a0af-0a5298bcd4e1
3258534,3220662,37872,4,46,0,0,0,3258534.00,3220662.00,25b6951d-74c8-4343-b7ef-ecb44cf78fe7
1526000,1506021,19979,9,7,0,0,0,1526000.00,1506021.00,263ff509-46b0-4318-b04f-227d5809a230
2983838,2540072,443766,11,100,435750.48,370596.92,362918.52,497306.33,282230.22,268546f5-dbf2-48cb-b118-085c968856c5
17880967,23127906,-5246939,110,155,857965.97,2614934.06,2830499.18,1788096.70,2312790.60,268f582c-0d04-41fe-8465-2b14ae04ed28
57076242,56916144,160098,221,667,3963119.41,3872461.18,644261.24,4756353.50,4743012.00,26b7bad4-a2db-4ad8-9cbb-a911804d5834
11997038,11990631,6407,63,237,516704.14,552797.92,321318.76,922849.08,999219.25,26c2cab0-865f-4c12-801b-c9e3df9ec8be
20411805,20401078,10727,265,958,695132.90,684060.21,41826.20,1570138.85,1569313.69,26e335b5-37be-47fc-a33c-c41e802e7911
13576388,13249250,327138,71,400,711471.56,765619.97,348257.05,1131365.67,1104104.17,2878f171-2d73-4624-b649-8c4517462671
8165174,7246050,919124,32,128,748639.20,740757.55,549105.38,1166453.43,1035150.00,28abb128-b7aa-4070-9511-de33316047a2
13141299,13109784,31515,101,388,882672.69,801688.16,382209.66,1010869.15,1008444.92,293d380e-f92d-4e1d-b64a-3444d8879200
24722757,23531199,1191558,67,1005,2426116.78,1494392.02,1182262.93,2060229.75,1960933.25,294edf7c-5304-4be3-ae6b-15eed5a3c0a9
20039433,20332712,-293279,74,485,916408.70,836467.06,260298.38,1669952.75,1694392.67,2a627c03-f69a-4890-8998-aebcf3cc84a3
9539716,9762585,-222869,277,206,554979.25,621701.70,491731.55,1059968.44,976258.50,2ad9c715-e0a0-4bf3-bb8a-8ef240067627
13108662,13107408,1254,420,481,670266.57,702395.60,80924.13,1008358.62,1008262.15,2b2459e1-212b-4bc0-a0bf-c951b83d3744
3052249,3052175,74,40,238,181216.92,353481.66,315255.54,610449.80,610435.00,2b8335d3-ac37-4c22-b06c-77a56010c3b2
1684000,1709715,-25715,14,65,441888.37,531538.05,93113.75,561333.33,427428.75,2bcd6d9a-1505-49a7-bba3-31e1a09e1461
15414568,14611748,802820,127,509,1079547.81,837644.57,532113.47,2202081.14,2087392.57,2c8d4fdc-7db4-4a5f-be76-23d63c41131e
22651887,22775034,-123147,197,661,1152057.47,1151929.71,121303.86,1887657.25,1897919.50,2ca0956b-3b39-4c0a-8a59-2f3ccd182028
5291920,5188689,103231,45,79,688339.14,712362.57,58221.94,1763973.33,1729563.00,2cb7787b-2890-47e4-aff0-1c8931904572
31060354,29468532,1591822,266,1281,860639.66,701743.85,680800.11,2588362.83,2455711.00,2d3d22b6-7324-44de-b9ef-986e12ca0cd6
2886145,2885708,437,95,220,271668.47,275521.47,73213.82,222011.15,221977.54,2d513df1-c8e8-47e9-84c8-c6245d2e9df5
15154951,16614061,-1459110,11,119,597407.22,832521.82,441037.65,2164993.00,1846006.78,2d8f0964-5283-49f2-99d4-a418a3629ddb
39342445,39870754,-528309,284,1002,2082435.28,1899124.31,821917.52,3278537.08,3066981.08,2e96e90c-7fbf-43ab-81a5-2a4ce3ade948
63842040,63072732,769308,455,1397,2392435.49,2134644.33,839206.64,5320170.00,5256061.00,2ed76be0-0e12-41c5-aa00-e0dc7b3fd637
4000000,3913267,86733,4,109,282842.71,641780.72,358938.01,2000000.00,1956633.50,2efe7e14-2e51-4759-9840-b05f1285365a
12214681,12214594,87,25,92,2295910.90,2077935.34,219606.11,1526835.12,1221459.40,320a9ace-e583-425f-9f6a-06f26e0e68d4
24788658,27510440,-2721782,201,808,1901567.47,2093983.09,382390.75,2253514.36,2500949.09,3247a328-05c4-4c8a-be90-194d1538b356
17013470,17013063,407,110,316,1516642.96,1527418.42,129901.43,1308728.46,1308697.15,328de928-e6fb-4678-a7b7-a9135590eb5a
6653047,7321963,-668916,94,372,574836.21,459087.84,241912.47,604822.45,665633.00,32e9a24f-9cea-4e60-ae97-c6ef6510d92d
11536185,11831821,-295636,209,373,622088.50,562055.81,395022.66,887398.85,910140.08,33818f87-a8aa-43e6-9907-14d5141affea
480000,858390,-378390,5,25,336582.83,0,270390.56,240000.00,858390.00,33cf2926-9147-4d10-b3f0-8ea6eff3e517
2786829,2786646,183,30,155,215125.86,210474.49,8300.51,398118.43,398092.29,33f034e6-283f-494f-af86-c02eb5beb702
39342445,39870754,-528309,284,1002,2082435.28,1899124.31,821917.52,3278537.08,3066981.08,34844f80-1a61-4e36-b5b3-b0a28dec29e8
18834258,18870608,-36350,76,394,1314202.35,1307973.60,433388.50,1177141.12,1110035.76,34e96982-a61c-4a67-8bd7-a1d4814caff9
20007502,20006594,908,418,663,931246.54,925602.82,90075.86,1539038.62,1538968.77,3534ae11-c5a6-4c8b-8f13-8d43927e19f3
446366,392769,53597,3,15,0,0,0,446366.00,392769.00,35a29537-6f2e-4803-ac4f-79ce5aa9e3c5
5917950,5917736,214,27,132,443897.43,407920.28,108330.79,591795.00,537976.00,35b8440d-814b-47c6-8d3e-73cf014210c8
6514009,6513969,40,65,220,410223.26,410925.68,4339.80,814251.12,814246.12,35d99228-5dad-4ba5-a3ea-b5f4ee40e906
24087679,24079011,8668,208,1092,708962.96,750990.27,84650.02,1852898.38,1852231.62,3627375b-55ec-4cff-9cb2-4d00c0ead9f5
16143228,16122899,20329,122,360,998214.36,1195926.12,569592.48,1467566.18,1465718.09,370abbd6-82b1-41cd-8647-69e2cf9a8fe0
27892561,27744409,148152,96,583,4614766.90,4217130.72,743883.35,3984651.57,3963487.00,3865a9e7-2a0f-460b-ba9f-5570af9f6aad
5937659,5871061,66598,37,162,1086560.84,1447435.70,369930.01,1979219.67,1957020.33,38f77d9e-52cd-4941-b3a2-028123840054
12560485,12549332,11153,68,540,611851.25,452145.40,258850.11,966191.15,965333.23,3a05dda6-b5d9-45b6-bab9-a744994ce66b
13304121,13371522,-67401,195,452,839992.09,836798.60,22254.63,1023393.92,1028578.62,3a7c8c7c-f066-473c-9b3c-09592433e789
5448140,5448140,0,39,68,1428989.72,1369963.49,3969.40,495285.45,454011.67,3aa57ec1-1575-4eda-86bb-0a474e78ec47
22614634,22624400,-9766,188,427,806260.11,773285.60,74965.07,1739587.23,1740338.46,3ac43ecc-46fc-4e40-8420-2e1ad54c3743
18149802,20767264,-2617462,64,515,1131439.45,1084553.79,627893.65,1512483.50,1730605.33,3bbca788-2732-4dfd-9ab3-67bc00f1dd31
9132102,8809170,322932,26,107,703894.21,738390.25,223343.16,3044034.00,2936390.00,3c212cd6-8df8-44b4-931f-3e7c92bc3cfb
18611509,19503641,-892132,61,302,1118443.50,1100157.67,578260.53,1550959.08,1625303.42,3c4cf102-89fb-4fa6-88b0-39c5e067a954
29045720,28352272,693448,163,370,1504111.50,1451495.49,160940.33,2640520.00,2577479.27,3c652cf8-9718-4c8f-9ec1-963afdf590d4
8272247,6523799,1748448,85,252,923164.89,538248.36,434778.38,1034030.88,815474.88,3ca40252-fbc7-402d-9e0b-feb7363aa459
7258592,7108539,150053,18,23,1837099.29,1846279.31,67105.74,1451718.40,1421707.80,3cd51efc-34f9-4324-b10d-dafe1e199447
29385805,29210240,175565,184,477,2164388.93,2089760.04,260400.87,2671436.82,2921024.00,3cd73114-9983-4d5a-8aaf-c86078437ba6
2982430,2981541,889,32,100,393681.25,403961.16,78046.63,497071.67,496923.50,3d8eee6a-4f4e-4912-8907-1f9da69f0aa4
10245779,10548877,-303098,102,425,681765.49,621187.10,257509.45,853814.92,879073.08,3db160fc-13f9-4618-9e3c-fb77b719493d
9087152,9604161,-517009,149,360,602677.75,559565.68,262162.00,826104.73,873105.55,3dc7296a-5634-4eeb-8c05-d2d52b363725
8471690,8722413,-250723,59,351,474295.21,349675.69,165354.98,651668.46,670954.85,3de8c0ab-ba38-4bd3-b829-84d12ecb1df4
5179024,5183762,-4738,118,357,322052.66,303084.27,37911.46,431585.33,431980.17,3ea7383c-a65a-499e-92a0-69b727c25c3e
13943806,13801999,141807,121,428,539553.84,425197.82,181293.50,1161983.83,1150166.58,3fe6b5b3-807b-48db-b946-19f6c3d55fea
14193829,13606153,587676,46,345,388305.68,338988.88,183230.14,1577092.11,1511794.78,40368f1f-4826-49e1-ad11-33b51fd7e108
690663,690793,-130,9,34,226846.35,217787.55,782.35,230221.00,172698.25,403cf328-77e3-4dc3-b0b1-a1b1b1a0a69a
15938416,15940905,-2489,95,496,643695.44,738287.58,394822.14,1226032.00,1226223.46,405ea8b5-da60-49c3-abd7-0453a8b1dc99
18631482,19061096,-429614,110,374,1075906.07,618608.41,730656.48,1552623.50,1588424.67,40a2b2d3-e549-431a-b650-0c21d16fb0ad
2328436,2574376,-245940,9,52,567235.09,430351.88,274432.51,776145.33,643594.00,411b39ad-7a88-42fd-b746-4b2caeb863cf
5989431,5989367,64,87,281,301538.32,293408.03,15259.37,460725.46,460720.54,413694bf-5a47-4d0f-96d4-aba7a98c5487
20870623,20405477,465146,135,362,1891127.41,2236323.21,515756.73,2087062.30,2040547.70,415e3a3a-564b-4e65-93e2-bdf66ac4b505
105814,85258,20556,17,15,0,0,0,105814.00,85258.00,4252c2af-9753-495a-9c7f-3bb1b8d93652
16704534,16712593,-8059,169,423,726365.20,733976.36,72582.19,1284964.15,1285584.08,42e8a031-9ebe-4a70-90f5-9ed40e421b64
63137397,63840711,-703314,154,219,1726785.31,2150270.50,1714063.67,5261449.75,5320059.25,42e995ec-83c6-49b1-9971-fb8ced017962
3484308,2270236,1214072,17,35,842512.71,569096.76,373962.45,580718.00,324319.43,439aefeb-f431-4bab-a6ed-76bbf9e08525
7433565,7413820,19745,100,234,427698.50,490822.08,124032.94,571812.69,570293.85,43dd5be5-b34f-474f-a7b0-b22a2d997df2
10241610,8771406,1470204,63,247,128952.00,529055.85,501182.14,931055.45,797400.55,43f6e240-8a08-4d62-b5a9-dfe1692f458f
12795010,8991473,3803537,91,241,307143.81,299976.72,268457.72,1163182.73,817406.64,440fe2f1-9ddc-4df2-bad0-69881f865722
75013,524070,-449057,3,13,53023.82,0,317549.63,37506.50,524070.00,44594a75-2711-42da-9ba7-6ecc82329f67
23388917,23609232,-220315,193,788,1034179.83,1049140.72,202112.35,1799147.46,1816094.77,449bee2f-74a0-4129-ac00-cb94368cab4e
77223007,77236983,-13976,454,841,4128215.38,4132509.48,30615.56,7722300.70,7723698.30,45572753-bd0e-4c3f-a3a2-957b77a758a9
15569568,15580674,-11106,257,217,901958.75,804963.84,292244.21,1197659.08,1198513.38,457b4123-e6cb-4dfe-9557-d5705b3fee2c
3062400,2709642,352758,26,55,446635.26,348885.22,391424.83,612480.00,677410.50,4580a11a-7df5-4453-840c-e091a81503cd
10100304,10096139,4165,63,299,622670.03,792120.65,376201.34,1122256.00,1009613.90,45aec0f8-9ee3-4a10-9d25-4418332614dc
16878194,16849650,28544,113,422,650197.72,612116.91,95273.46,1298322.62,1296126.92,464141fa-fdf4-4fa1-9a74-b09a263b8333
16214097,16106360,107737,71,548,1254516.80,1020519.75,825866.61,1621409.70,1464214.55,46c4f709-845b-4205-89f2-90662e3f6f1a
21832556,22126349,-293793,238,699,997885.63,940397.38,234902.69,1819379.67,1843862.42,4738bf5e-2b13-4c4b-8e5e-b679ad300016
2797113,2407171,389942,14,34,0,0,0,2797113.00,2407171.00,47c3d7e0-abf0-4cf1-b65f-54f02511fb6c
19737712,19397225,340487,154,505,1116847.13,1097772.35,213565.65,1794337.45,1616435.42,47d9ec66-b29c-4fdf-acbc-ebac75dd6898
23468094,23159368,308726,131,457,1304730.72,1252337.31,562194.08,1955674.50,1929947.33,47f91451-bc90-4d8b-a4b1-c5c40a1e811e
21030282,21100879,-70597,49,134,505370.74,482820.07,139823.51,1752523.50,1758406.58,481f0e0f-e2eb-49c4-a2bc-b9781bfe2e1a
208422427,208422427,0,409,601,11766578.61,11679210.24,642255.66,17368535.58,17368535.58,487ab646-7079-4194-aa27-5252b69da130
5308295,5301556,6739,39,155,303192.53,303144.82,2336.02,442357.92,441796.33,488cd556-3676-4360-9744-b61fa9ab006a
1614965,2637125,-1022160,15,32,272320.56,194952.60,352492.82,269160.83,239738.64,488d39d6-3a9f-42e9-ba3c-3c337e58ba11
14066783,14982464,-915681,121,511,1304506.25,1047801.87,607365.14,1406678.30,1664718.22,491a007d-1f7e-49c3-9300-dfa1e1d28cc9
7958173,4990730,2967443,29,99,740075.91,926288.26,1292417.65,1989543.25,1247682.50,495608cf-13bd-4410-b1fb-284847e26ed5
9567746,9517576,50170,35,71,377779.95,393914.97,139815.68,797312.17,793131.33,4a2fc672-7a69-40fb-bad1-1945901d7f8c
1738485,1727629,10856,6,7,805030.46,883338.30,78307.83,869242.50,863814.50,4aa927c7-d463-4d69-9f10-2f9ebeb3e023
5287114,5287282,-168,100,226,402906.12,401846.41,6869.78,406701.08,406714.00,4b10bcc6-a112-447e-bd5e-b9aacb84ad7a
17763650,16883453,880197,49,520,1696309.25,1190827.69,1517188.76,1480304.17,1406954.42,4b6e8a19-b898-468d-a9af-7ebd1524d9b2
10638540,11027555,-389015,41,300,564122.56,464670.20,243813.05,886545.00,918962.92,4b891c9b-6844-4c1f-8599-bddb7178ad2f
3575589,3681116,-105527,11,17,1212271.64,1286890.50,74618.86,1787794.50,1840558.00,4c1849c4-0356-45f1-bcbe-a19d82f2d1fe
5181404,5152814,28590,40,61,211083.75,209215.68,16506.44,1727134.67,1717604.67,4c1f09f5-3310-4954-baf7-e805836a1899
66802347,67149639,-347292,96,445,2783029.20,2615420.02,869161.63,6072940.64,6104512.64,4c2563d0-caeb-4977-9285-9f9f1e97d237
43595813,44773294,-1177481,130,1152,615105.91,921660.82,893426.55,3632984.42,3731107.83,4c5780b4-d83f-4875-b34a-fd606cd69bc7
15519382,15581894,-62512,293,1084,507904.75,413669.46,360087.51,1193798.62,1198607.23,4c9bec01-4520-45ff-be07-25d7d591f9aa
7941049,8748424,-807375,179,304,277719.56,352399.34,421081.14,721913.55,795311.27,4ce95ac5-ca21-4a86-9d82-3498428f47af
30569355,30538277,31078,48,356,2620332.86,2608391.81,3039049.66,3821169.38,3817284.62,4d23dea7-4543-455a-9a3a-3b526813a4f7
19261766,18725899,535867,215,769,573611.90,576494.82,259198.66,1605147.17,1560491.58,4d486939-54b7-492f-a280-8832568b01f5
8427144,8002152,424992,59,238,743735.05,754311.05,161220.81,2106786.00,2000538.00,4d8cfe3c-9980-417c-aedf-287552683c0c
19168092,18882622,285470,141,490,1166872.87,1082489.04,311015.38,1916809.20,1888262.20,4d992b0b-a2a6-4dc4-9255-6a3ddac0543a
3740257,5099239,-1358982,59,326,103154.92,240849.86,245918.79,467532.12,637404.88,4ea192d8-bc85-40b8-988c-44b1292e578d
15769700,16564515,-794815,68,317,1946883.12,1843448.21,691112.57,1971212.50,1840501.67,4ec563ea-5217-4512-800d-388c0db4a9a4
5331611,5331161,450,59,294,351820.76,449669.22,202427.62,592401.22,592351.22,4f4f6637-1923-4d79-9224-30f91a008a48
52459012,52459012,0,216,350,4747014.79,4657753.80,227142.89,4371584.33,4371584.33,5042479d-5e92-472a-8aaf-32090f128c91
5144332,4362073,782259,54,165,447161.42,389533.33,184550.79,857388.67,727012.17,5094f0c9-309f-4dcf-95c9-3ce192290970
2402952,1927825,475127,13,81,38153.03,412612.75,378720.23,800984.00,642608.33,51142359-f1b7-4d30-a62a-457d2512e1bb
1980605,1982734,-2129,41,343,168340.06,91512.66,148178.61,165050.42,152518.00,519c95b9-7bdf-4dc6-a6b8-c3d617980e87
17327919,15191302,2136617,138,649,1424819.29,675799.53,925428.89,1443993.25,1265941.83,51fcadff-dd11-4542-b55b-4f4bf664ea01
11972900,11363682,609218,58,308,619633.56,542855.36,400757.01,997741.67,946973.50,52296e0f-9056-494d-ac82-f16fa97f6da8
6345759,6497870,-152111,57,136,409753.48,568835.22,579725.86,528813.25,541489.17,52804e6a-81c2-49c2-a600-80092e891cc2
23049580,37169340,-14119760,63,519,2449905.53,1554969.61,1063049.51,1920798.33,3097445.00,5305da0e-5131-427f-a454-fd0f111c2258
490169,90000,400169,6,3,0,0,0,490169.00,90000.00,531cd4db-0b71-40c4-a90b-5dfdc2dbe562
3739446,3775963,-36517,77,410,328577.19,256662.83,159465.03,287649.69,290458.69,536eca60-7504-4403-b53f-e51e8803fadd
11558104,10614706,943398,56,684,200544.81,195615.97,276173.10,963175.33,884558.83,54493a11-4aa4-468b-b1ce-8991c90d2cf6
2960832,2784062,176770,46,306,392320.34,262628.23,283119.05,592166.40,696015.50,5467598a-daa4-4131-88e4-6c0db0061973
19909626,20079989,-170363,235,775,1175114.47,1224620.19,111712.34,1659135.50,1544614.54,547da1b0-d1f7-4198-8ef5-2a1989910b12
14665222,13611003,1054219,57,210,1538367.99,1202251.87,855187.69,1333202.00,1134250.25,54a098a3-840b-4874-a9e1-40a3155b9873
916183,1816800,-900617,2,32,622014.26,283709.93,515322.50,458091.50,363360.00,54e62ea7-de32-48e8-8db8-0bac3beab7f2
12730081,11376023,1354058,78,223,1198792.72,960689.53,763268.38,1273008.10,1137602.30,54f78c6f-7bc3-4c9e-84ce-e7e30ed4dec3
53860212,58024279,-4164067,50,215,2940089.25,3672550.74,2064166.24,4488351.00,4835356.58,557cad2c-dd79-4f30-b2bf-98abb4aeab88
11480125,11368935,111190,63,210,587349.70,464626.02,262633.44,883086.54,874533.46,5599fcb0-a55f-4534-952c-3fd97e1440b9
19096638,19096638,0,109,375,1454228.74,1474704.22,174694.73,2121848.67,2121848.67,55bbeed8-b66b-4675-9b22-6e7b837f020b
9771788,6001664,3770124,91,236,352870.81,328019.49,181123.24,888344.36,545605.82,560d5503-b43c-4ee2-81f5-409d33fc155b
7575480,7573116,2364,9,83,3023024.82,2690665.62,422711.51,2525160.00,2524372.00,56119bdf-5154-46ce-a9f6-17542859db34
32735525,32735015,510,163,458,4158136.71,4167765.48,4751978.31,2727960.42,2727917.92,5615eb3a-300e-43eb-b71c-a272dd9af7e8
28269175,28252514,16661,111,627,360417.01,375748.13,415505.26,2355764.58,2354376.17,56b17788-3d33-4eaa-a938-8832480822e2
31401408,31339729,61679,234,797,747491.26,653934.45,616536.53,2616784.00,2611644.08,56ef3992-3b3c-4b1d-8ab6-07d96ad8f5de
159061,158982,79,3,4,11045.65,10113.66,952.13,53020.33,52994.00,56faef5d-36fe-4277-bc99-c12c38301655
5553576,5518849,34727,139,297,194672.45,201902.94,17701.67,427198.15,424526.85,57864cc2-1f52-466d-9dbd-fa89b4efbc40
1641472,1219339,422133,8,49,660591.88,364857.91,295733.98,820736.00,609669.50,587511e0-fda7-4d76-a8ad-92325215f2d2
19168092,18882622,285470,141,490,1166872.87,1082489.04,311015.38,1916809.20,1888262.20,594a4c93-dd2a-47fb-97ce-c6950eea63e3
4427312,4427387,-75,28,115,703384.46,703661.14,334.21,1106828.00,1106846.75,5a12f983-2649-4e33-8b21-67393b21d93e
16253077,17227531,-974454,103,373,703469.57,570485.72,311603.38,1354423.08,1435627.58,5a33970e-1701-418b-8267-179929cd2b08
24791437,24791364,73,165,369,1515427.11,1389285.29,1378.82,2253767.00,2479136.40,5aeab0f5-bb61-4d4e-a832-7ec909e6ebb6
13733734,12637457,1096277,219,385,902706.88,360847.19,897043.04,1056441.08,972112.08,5b1c082f-937c-4221-b3f3-9a47f1e9df2c
554000,547951,6049,11,9,0,0,0,554000.00,547951.00,5b1ed7af-d81f-4355-b77a-f35dbd0dd9ca
6826906,6154870,672036,56,137,613226.67,476032.89,531018.98,568908.83,512905.83,5b2011e0-8fdc-41c4-bd54-384c40354def
5237164,5257530,-20366,189,330,185696.16,192714.02,95768.80,436430.33,438127.50,5b8fe783-eb2f-4111-88b7-7ca3edcb739a
3804699,3803750,949,57,235,123725.82,178171.08,111673.48,543528.43,543392.86,5d3107c7-2001-4eaf-adef-5a508eb9154e
18029663,17571482,458181,104,559,761499.08,616688.18,263105.94,1502471.92,1464290.17,5e36a98a-efed-4ba0-9a05-96faa2aedc0b
3757493,3878150,-120657,40,356,287676.91,297371.43,53307.35,375749.30,352559.09,5e600e18-edca-4efd-bbc7-64bcfbb94dd3
208422427,208422427,0,409,601,11766578.61,11679210.24,642255.66,17368535.58,17368535.58,5e82d254-1534-4d2c-857e-7f2a4392a2a4
6964326,5267897,1696429,60,240,1159232.46,845477.71,709279.58,1392865.20,1053579.40,5e91a174-9cb6-4371-ae9a-24e2040f4b8a
1339060,1244903,94157,13,57,724647.27,543538.94,103550.01,669530.00,414967.67,5f6eb464-de56-4f7f-8d76-cb6407ca8de9
17773919,18381712,-607793,102,269,1089111.45,1054440.18,462636.60,1777391.90,1838171.20,5fa64dbb-9451-43d0-b523-8f355f2ea4a9
6370734,6363734,7000,62,62,445291.64,445173.73,1941.62,490056.46,489518.00,5fc2bdf6-87f1-4f27-a780-377e56a5cf02
124785,124771,14,3,3,2957.83,2947.93,9.90,62392.50,62385.50,6111f6e3-3c0c-4ceb-a404-09db88118a00
1817992,1814394,3598,32,53,98172.60,102801.52,5624.94,363598.40,362878.80,618a7916-5c70-49c5-b1c4-cc34cafb0221
8117429,8032502,84927,69,270,280416.72,253944.12,163578.24,676452.42,617884.77,619ea62a-9c12-4ffc-b1d2-727d6a4e60e7
63514849,63714754,-199905,145,733,6798188.41,5388549.69,3203605.91,9073549.86,9102107.71,6254defe-9b45-44de-9622-157cc2d5d0ec
22559144,23117523,-558379,135,407,685958.38,974916.80,621659.31,1879928.67,1778271.00,629ebed0-2248-4b34-9665-87f82445b8e1
4126555,6823183,-2696628,20,269,498647.91,284515.36,370931.15,458506.11,682318.30,62eb5022-6497-4f0c-9dc4-479c0b32ba71
17743298,16459652,1283646,49,188,1211265.41,684346.17,1352133.10,1478608.17,1371637.67,62f164ac-c92d-4610-a00d-93691286f85b
7039498,5712858,1326640,105,304,799711.52,461073.38,459651.27,782166.44,634762.00,638740a8-14c2-4334-9d9c-ae228cb426f7
13742493,13730364,12129,242,583,1003695.92,1075474.21,237950.17,1374249.30,1373036.40,6397219a-22fa-4fe8-8aed-cd2f05798e3d
13774280,13855567,-81287,143,481,683976.04,672601.30,39900.95,1147856.67,1154630.58,63dfb165-cc92-46b8-b7fc-0d95398d04c2
13272297,13283229,-10932,132,478,669048.47,644386.41,197061.31,1020945.92,1021786.85,641cc786-708e-432f-891f-fe7639996915
2957329,2957329,0,17,87,628606.59,636978.50,112279.82,492888.17,422475.57,645d5428-80ef-4ce7-a3b7-d1ca2882bf69
31324651,68739626,-37414975,91,485,2589599.82,9701385.89,7268945.98,2610387.58,5728302.17,6573173d-a237-4819-abc8-59548624d748
14304136,14306136,-2000,151,114,719547.79,769198.82,255329.64,1100318.15,1100472.00,663bf46e-9fed-407b-8a7e-86898a88304c
9717325,9542502,174823,24,154,135827.61,255905.26,317962.51,809777.08,795208.50,66ee7c53-991d-47a1-9f1f-855c6703266e
24273180,51366769,-27093589,62,517,2147916.92,1816170.10,985584.64,2022765.00,4280564.08,67210d30-d9ff-4c2c-980d-fe353acbb8f3
3771016,3065914,705102,17,80,1056406.22,562602.44,493803.78,1885508.00,1532957.00,673aeec8-6ecd-44b3-8b8c-6bdfd3f4133f
1362921,1546700,-183779,12,21,0,0,0,1362921.00,1546700.00,679b4dcf-248f-480a-b89d-6baac3fa666e
35074655,35308982,-234327,157,276,1996969.10,1725705.03,1668027.70,2922887.92,2942415.17,67c39e38-c13d-44f6-b805-e31e5cc95f78
19223193,15281585,3941608,180,332,1143928.49,990814.37,549881.73,1601932.75,1273465.42,67d1e96d-54ab-42b6-a738-5ffbd066f846
48267991,50509795,-2241804,118,407,1556611.93,2276701.42,1825102.43,4387999.18,4591799.55,6871e3fc-a179-4457-9368-1197a85acbcf
24660037,25061349,-401312,396,538,699214.32,883450.80,247468.78,2055003.08,1927796.08,68a327b8-3b5f-48ab-a415-dfe8cf081e68
10803327,10836781,-33454,64,349,619489.87,573314.83,412078.15,900277.25,903065.08,69584e61-bdf9-4554-bde3-7191cb134eb4
30988110,30770443,217667,93,532,3035235.33,2697524.75,3342374.29,2383700.77,2366957.15,69858499-0d22-4aff-b6d2-23802b9c8823
7291377,7285924,5453,28,85,1195901.27,836153.25,496331.61,729137.70,662356.73,69c1d8c6-1bfd-4fe0-bfbf-cbdd1bc2b1ea
595079,259629,335450,9,29,0,0,0,595079.00,259629.00,69ece684-46cb-472c-81be-a8ef77bdbf6b
461000,290091,170909,2,6,0,0,0,461000.00,290091.00,69f7239f-5caa-4076-93cc-712148569864
20916692,23634416,-2717724,104,317,1862949.09,1727443.51,808837.36,1743057.67,1969534.67,6a012df1-f963-4ff8-8e49-e782e19171f1
16214097,16106360,107737,71,548,1254516.80,1020519.75,825866.61,1621409.70,1464214.55,6b59dbb2-3f12-436e-90ed-e4bf11540340
44638775,38138423,6500352,173,408,2062201.48,1239060.06,1650437.77,3719897.92,3178201.92,6b86587e-2602-4f58-8a83-99607950e93e
21212128,21211937,191,150,585,1829505.41,1824686.27,14475.07,1767677.33,1767661.42,6b93a867-c3ad-48f2-9df7-92218849b2e3
4708225,4440276,267949,87,313,318112.87,257257.43,216790.72,523136.11,493364.00,6c4ce369-92fb-463b-ab28-099d54d7db3d
2664777,2659612,5165,51,109,264001.61,97331.95,330773.90,666194.25,664903.00,6c6d911c-817c-4c0a-b976-6f17720968a1
26565896,25522144,1043752,269,844,1489996.39,1150018.32,589621.51,2213824.67,2126845.33,6c6f06e6-73b9-4090-a476-c3adc0cbd5d1
9753314,8313883,1439431,103,215,921829.24,761940.54,261904.73,812776.17,692823.58,6cb3d844-5568-4db5-b9fd-181543bd85fa
50309527,42199266,8110261,239,596,5052397.72,3596744.43,4838218.04,4192460.58,3516605.50,6d3936b8-75ac-4c47-b497-84779470a11c
39342445,39870754,-528309,284,1002,2082435.28,1899124.31,821917.52,3278537.08,3066981.08,6d3aecaa-af82-45f2-b444-da7defca290b
4016174,4016174,0,45,114,565283.25,565096.95,8343.14,1004043.50,1004043.50,6d582521-9346-499e-a337-481ad30cfc36
28531078,16827347,11703731,97,164,1919069.33,1771617.19,1532446.29,2377589.83,1402278.92,6e19a564-963b-4ce8-a123-1aacc85f8718
7366899,7231053,135846,18,199,673224.65,573409.91,304693.38,920862.38,723105.30,6e965295-a05a-4aa7-bc7a-ca38e7523b2a
7003669,9514909,-2511240,43,390,478384.63,622895.71,715306.85,700366.90,864991.73,6f896827-d971-48e0-ad2f-5b80613bcc8b
28089016,19443937,8645079,39,180,5339869.46,2775861.62,3961152.96,4681502.67,3240656.17,70238dd2-92c8-48ca-94b6-f93d9f67ddfa
5181404,5152814,28590,40,61,211083.75,209215.68,16506.44,1727134.67,1717604.67,70a2c337-831f-4fb5-bf57-fc142688cf14
11324068,14487206,-3163138,18,29,4317642.09,6555192.40,2237550.31,5662034.00,7243603.00,70ee2dd4-734e-4894-b2b4-c80dd135fddd
17286454,16715979,570475,184,582,662979.09,643272.50,295460.69,1571495.82,1519634.45,723294ba-e9f8-432c-b0d6-42cab23228b3
2100401,2100401,0,3,5,295747.06,295747.53,41.00,700133.67,700133.67,72c98ec2-c35f-43b9-9705-74c63ad62953
30526118,30526691,-573,126,335,1866148.60,2241616.50,1724012.93,2543843.17,2543890.92,72df97d4-e9f8-4e95-a0c3-104ccc6cf7f6
22599074,22256804,342270,147,496,1155843.44,1581429.56,229615.07,3228439.14,2782100.50,73606bbf-1e98-43c7-88b8-6c877e7e7375
26867563,12647649,14219914,90,178,1698192.81,710638.05,1154216.86,2238963.58,1053970.75,73698b60-f828-4c96-8b24-2c35b9440c08
5768666,5602702,165964,16,86,1586866.84,1503192.75,137061.14,1442166.50,1120540.40,7370cbf1-4418-43c3-b266-696bc5bb07c3
366522023,324933679,41588344,283,917,12676945.03,8533740.87,8790187.15,30543501.92,27077806.58,73aabe48-3461-4bb5-9916-beedb7052dca
37950549,37950051,498,139,766,1631114.47,1645815.39,483195.97,3162545.75,3162504.25,74b0e300-1820-4b77-bb81-c8c6cdd39eac
17803300,17710152,93148,62,283,739945.06,656520.90,315573.15,1780330.00,1771015.20,74bd43e9-297b-4c19-beae-4cc85242c5a7
31859394,32800271,-940877,192,369,1718308.73,1820360.29,1338542.13,2654949.50,2733355.92,75e140dd-5e84-486c-829f-7c6a29c66e2f
1392800,1280879,111921,21,26,560594.26,0,345123.97,696400.00,1280879.00,769f8f1a-5f14-4c48-a58a-e099fe8dbd79
7371545,7418515,-46970,70,226,600080.98,446718.76,376036.20,670140.45,674410.45,76b4c41f-53b7-4ed8-a69c-75acf31d1228
19506991,19525592,-18601,87,238,1459977.87,1423224.09,56791.67,1625582.58,1627132.67,778242ab-a341-4e52-a53d-d8c9d121da09
37585299,37383902,201397,126,299,1804891.22,1812633.95,84148.85,3132108.25,3115325.17,779661e3-facc-4b81-bb04-f151ef806452
6407814,5466507,941307,50,158,584357.41,669265.09,316621.26,915402.00,780929.57,77ac484e-fad8-48fa-b209-aa94dc6be6cc
70581457,70120179,461278,156,1062,4120988.32,3499185.29,939742.04,5881788.08,5843348.25,78147f1e-3ec6-4bdd-8fa2-660fbbe87352
10320184,10414768,-94584,108,238,412976.64,583487.32,392538.90,938198.55,946797.09,784d0f95-8844-4c62-9fca-722015c4879a
24733042,24802900,-69858,120,643,1034136.52,1017311.22,79713.99,1902541.69,1907915.38,786ac2bb-3568-405e-9ccd-509c45d9d8d5
9185653,9182609,3044,89,369,682445.33,718572.73,138715.10,765471.08,706354.54,789156aa-ee00-4c7d-9cf4-d91562637cb3
5279506,4776821,502685,13,78,681966.27,540562.82,499756.93,1055901.20,955364.20,78c242a5-d988-433e-b5a3-31195d0a59c0
28208424,27754310,454114,62,216,2107049.54,1996309.23,446563.32,2564402.18,2523119.09,7a3f00e8-f4d2-48b5-bd89-31b110f57ec1
18740389,10269389,8471000,76,243,427336.39,367136.16,432121.54,1703671.73,933580.82,7b29b8ab-1aa7-4249-b789-bc5a25438096
98556404,96156268,2400136,53,609,7697807.40,7245874.55,2049665.99,9855640.40,9615626.80,7b64f259-cf04-4a59-b0dd-70da9ccb931d
7529426,4298998,3230428,91,238,248211.28,177388.46,140735.98,684493.27,390818.00,7b7d81bb-7dd9-455c-9522-aedd7ae32e28
28505527,28359590,145937,161,343,2095967.54,2270421.31,319305.58,3563190.88,3544948.75,7b831612-4b30-4676-ab41-77e99ac8921a
7136183,7098762,37421,75,157,630184.70,614422.58,394180.80,713618.30,709876.20,7bacf489-6f88-4f5e-9da6-5a63b5d120a1
5067151,5521373,-454222,41,227,1007067.41,917052.76,201148.31,1013430.20,1104274.60,7c01c904-a9ec-4204-b1fe-ba82b3de7266
3959482,3965774,-6292,26,53,687928.03,686855.38,2568.70,659913.67,660962.33,7e214f0d-9775-4233-9613-b38b771be811
16014126,15881671,132455,83,220,738617.53,742337.46,109718.84,1231855.85,1221667.00,7e58bb52-bf4a-4096-b140-d3879da9c556
7545887,7946557,-400670,35,176,1716337.10,1652797.51,699673.47,1886471.75,1986639.25,7e855187-6a96-42e9-9f2a-f3202d74d7f4
32788913,32418975,369938,439,642,1322133.24,1344838.21,393110.74,2732409.42,2701581.25,7f22226e-bab7-475e-8aa2-6d6caa7acc04
2968795,2833551,135244,19,96,470650.46,517234.38,264857.85,742198.75,708387.75,80e511c4-89a6-46f7-b484-e95a7a209a08
6226722,6249385,-22663,60,290,258580.64,268405.41,249650.40,566065.64,568125.91,817e4ab9-7baf-4228-bd1f-e24139d217ee
6131873,6129588,2285,109,538,417024.51,456957.67,149123.16,557443.00,557235.27,81c9317b-fd87-4f52-a9ef-cb83c83684a2
19031282,19106641,-75359,215,541,332628.34,333251.71,39602.79,1463944.77,1469741.62,8230dbb7-6528-46a0-b005-4efd235edc0a
22001245,21635619,365626,97,354,1568911.96,1227027.66,667091.25,1833437.08,1802968.25,823b7e79-6369-47cd-ba46-2d4a7a9bb495
14018271,13300740,717531,82,259,880847.58,867274.36,195971.78,1274388.27,1209158.18,82608749-7a14-4c31-bcb7-5b41bbdc4a6e
8032542,10003497,-1970955,44,237,529026.22,744700.56,514599.55,1004067.75,1000349.70,82c710a2-61c2-41f6-9b48-2094a7a24ecd
1221000,1002369,218631,6,3,0,0,0,1221000.00,1002369.00,82cc8514-bd96-4572-bdc0-006043112cc5
22159,21439,720,4,4,0,0,0,22159.00,21439.00,82df17f4-7a6d-4722-9194-c9614e47e47e
4854250,4486600,367650,49,192,541680.13,544398.15,139240.73,809041.67,747766.67,82ed844f-d9b2-4330-adfd-e0ed6eea26bc
9096620,6267994,2828626,103,240,517645.64,472828.10,295183.63,826965.45,569817.64,8317f6a0-7f41-41e7-a6f0-41114e27d992
15758352,15749406,8946,46,243,677324.41,641520.06,130024.48,1313196.00,1312450.50,8362b37a-ae24-472c-999d-c20401352803
11738383,11738383,0,136,304,487613.25,492165.41,36919.04,902952.54,902952.54,8364ca3f-19db-4a43-84e2-fedcb54f217a
42559356,42648302,-88946,116,520,2510174.81,2601900.63,571968.07,3546613.00,3554025.17,83aaf5cf-4881-477b-b8b7-03ecdd0afaf3
446366,392769,53597,3,15,0,0,0,446366.00,392769.00,83d12256-e90f-4aa2-b9ae-19c0fa226eaf
8216603,7366151,850452,28,97,1897883.70,1846105.16,681667.07,2738867.67,2455383.67,83d6c9e8-fbd2-44a4-a733-91158f031a0e
6922538,7751728,-829190,34,177,314147.85,471151.88,551979.54,1384507.60,1291954.67,840aef06-af23-4777-a00f-43577869e041
23191533,22887875,303658,484,1293,812017.11,763021.40,324370.06,1783964.08,1760605.77,84dc85f3-79bf-4584-8f09-5af3ac802163
34013299,33787922,225377,315,571,1437017.65,1172631.44,387632.30,2834441.58,2815660.17,85805f99-6d8d-4eb4-a573-7ca0626f1cf2
30124104,30407156,-283052,122,829,1306189.65,1232682.51,718816.97,2317238.77,2339012.00,866304ed-7d92-48d3-b994-b0547a46a26d
820583,815479,5104,11,28,0,557680.27,22559.53,820583.00,407739.50,866ca5a4-35a7-4251-9165-f753e4a8bd1b
27434189,27817909,-383720,285,703,852982.76,785893.25,265787.57,2286182.42,2318159.08,86abb106-c04b-424e-bd02-706e19bfe4d1
18374231,18099175,275056,221,497,713178.37,706728.05,139019.66,1531185.92,1508264.58,870f1911-5e76-402a-a155-f2939baec62c
8122045,8122045,0,95,134,532004.51,524561.86,19828.74,676837.08,676837.08,883f3bb1-1c8c-4a07-8c4b-46d23054fea4
9917725,10243002,-325277,26,157,213251.87,246414.66,336230.31,762901.92,787923.23,88abe5f7-85aa-4575-9ca4-47a67bc9aa6e
5647794,7504428,-1856634,72,370,459090.52,342955.19,541012.33,564779.40,750442.80,88bdac3a-6c8e-4171-baa3-720b13df7a61
334531,334531,0,5,5,147457.78,147457.78,0.00,111510.33,111510.33,88e751b6-3c69-4aff-b937-c9181595ce4f
18977355,18979018,-1663,341,934,744048.90,643389.08,490543.47,1459796.54,1459924.46,89b06444-829e-4b0c-b473-854606bb9304
6323451,6042270,281181,275,372,407131.36,398009.22,158100.03,903350.14,863181.43,8b64f2cf-7fe6-4cae-a23b-feabb1edcf4b
6962538,6614716,347822,61,258,530745.71,252935.82,363074.07,994648.29,944959.43,8c4fd586-cf4a-4854-b352-cf635a488d53
14257444,10846446,3410998,91,232,839689.54,938049.64,206579.90,1296131.27,986040.55,8c6130f9-4fb3-49e8-a2d9-21904fdcb149
15051856,15256438,-204582,43,540,702760.69,566614.31,792255.12,1505185.60,1386948.91,8cd7724c-4e6f-4a2a-93fb-69731b38478d
3436230,3302375,133855,25,40,132575.94,115841.41,86605.03,490890.00,471767.86,8cfc8a82-d039-4fc5-9848-e376436e5bb1
2561794,2558411,3383,64,207,200783.77,178365.08,280450.42,197061.08,196800.85,8d2b90a9-c2c5-4965-9ed7-99bf6d4c3aa5
29495804,27321473,2174331,240,312,1220306.15,976839.43,409609.65,2457983.67,2276789.42,8d35cd5c-a8a7-42f2-b4dc-3f7f7a632aba
57212603,58359895,-1147292,590,720,4804926.78,4712380.89,569473.58,4767716.92,4863324.58,8d6beadc-6599-443d-883a-5e9548c11877
2358085,2211195,146890,29,62,187568.53,352035.87,370251.50,786028.33,737065.00,8dcd2d4f-a198-497c-9124-744f59100a7f
14711297,14711611,-314,303,778,854844.61,845880.33,57542.18,1131638.23,1131662.38,8e216761-58a2-43bb-bf80-cb375f96b8bd
15869194,15870273,-1079,36,268,1274894.03,1146499.78,568338.56,1322432.83,1322522.75,8e98669a-a6ec-4364-ae44-b8005c947a8e
18048771,16458675,1590096,183,162,1465524.55,1244476.39,308432.73,1804877.10,1828741.67,8ee36739-0c5d-4307-9c91-c0f4fc10ddec
16656526,17415006,-758480,95,419,1253697.62,906481.49,552818.66,1514229.64,1583182.36,8f64bd70-d814-4180-8eca-dc7a498bbaab
2886145,2885708,437,95,220,271668.47,275521.47,73213.82,222011.15,221977.54,8f9afba5-0637-4b42-a0ad-1494c3d56704
6560794,6560095,699,41,86,1986716.45,1756235.90,6970.52,1640198.50,1093349.17,8fa62ac2-7f4f-4cb8-b458-ae1537bb39d2
22651887,22775034,-123147,197,661,1152057.47,1151929.71,121303.86,1887657.25,1897919.50,90a36f68-dab7-4824-b17b-575c71a86db3
25988863,25820249,168614,226,928,1044033.43,889694.59,366559.88,2165738.58,2151687.42,9100212f-284d-4a20-ae17-11cd9aca793b
16692150,15857906,834244,122,465,1165201.71,974073.28,518159.54,1391012.50,1321492.17,91326ba5-8b77-42ba-85ef-279729209f7d
17803300,17710152,93148,62,283,739945.06,656520.90,315573.15,1780330.00,1771015.20,91f75dd0-45cc-4337-957f-58522b98b61f
7303565,6040714,1262851,44,157,1018776.87,755993.39,634070.77,1460713.00,1208142.80,923d887c-39ed-4eb9-b6f7-78cbadfcfed6
21026929,16675117,4351812,51,283,3539201.36,1739997.73,2240876.23,3003847.00,2382159.57,924dd415-34d5-4c4c-bc63-fbd3f425fd0b
12186519,12265752,-79233,85,470,362048.23,342202.34,286236.75,1015543.25,1022146.00,926debcf-c5cf-4db6-aed7-325f8fc228d3
4902606,4192754,709852,66,78,651799.54,443738.30,296939.18,1634202.00,1397584.67,92c9851f-3a30-4a18-9869-c2f4e8dd8d66
20334086,20276079,58007,187,534,1105431.15,1041348.28,253523.44,1848553.27,1843279.91,92d5b95f-769d-4d8d-afe1-3ac43c240e4f
12879870,12869101,10769,143,684,796594.45,732661.69,218912.57,990759.23,989930.85,93db7cbd-cc80-4193-9c99-dc2ee6f924c9
2753414,3526482,-773068,62,253,357118.45,289791.49,182395.22,393344.86,503783.14,948efc1a-c2b5-4f47-aad1-728a790fb004
7537473,6712518,824955,120,268,511850.00,420014.51,145828.47,628122.75,559376.50,9500eacb-3983-4467-9920-f26b75de6faf
10796773,10791569,5204,61,367,373113.44,370158.66,237097.78,899731.08,899297.42,951afeb2-39d9-4951-aa4e-20f00052c1aa
15320952,15368015,-47063,137,434,440147.44,459650.57,157809.25,1276746.00,1280667.92,95880be8-fbbf-48f1-848a-38d59dc485b3
26565896,25522144,1043752,269,844,1489996.39,1150018.32,589621.51,2213824.67,2126845.33,959b2df4-4aad-40a4-b9ec-661e9edb162d
768432,768200,232,11,22,221259.37,216940.36,4319.01,384216.00,384100.00,95d30207-7df7-4b10-850e-9f72348d006f
3186985,3039381,147604,114,183,283199.74,242830.00,98984.62,289725.91,276307.36,96598656-e24a-4173-a884-c047b9bcc9c2
11839161,11728161,111000,20,159,1631304.79,2205021.12,1533069.22,1691308.71,1675451.57,96d733c8-6eec-4c0a-a9fb-0130bc09d446
9081692,8351835,729857,51,375,700371.36,253662.72,699753.51,1009076.89,927981.67,97436b27-8d5a-44fa-abe4-a09a446c55f1
11499609,11499609,0,63,75,827389.75,828420.26,17056.06,958300.75,958300.75,97fbd22a-abed-44b8-936d-898f484d88e3
2058253,1957563,100690,29,75,564567.13,534105.55,58138.13,686084.33,652521.00,98b01edf-27e5-4bd4-a785-305570a10018
41291884,31321341,9970543,57,360,2148264.73,1808896.38,1960249.62,4587987.11,3132134.10,9901762d-f71e-49f7-abc0-a54f7ceb3d99
14251078,14230238,20840,123,399,633856.11,623051.87,144009.73,1295552.55,1293658.00,99adbad9-8c8f-4847-8c98-cd6fd61faa89
16177392,16079931,97461,44,325,809025.40,613408.01,439416.49,1348116.00,1339994.25,9a92aec8-fd48-4909-8ec6-e60606e1602e
1960154,1461394,498760,26,50,332232.77,146314.77,225564.27,653384.67,487131.33,9ab9f76c-3b7f-4540-9d8b-6562b53496fe
1316000,786600,529400,11,21,241816.18,132930.74,266780.53,219333.33,112371.43,9bbc6880-8de0-4d57-a947-d4a4b83a0074
39342445,39870754,-528309,284,1002,2082435.28,1899124.31,821917.52,3278537.08,3066981.08,9cced31a-2537-4c7c-afa6-9d97060ef6db
14971492,14862528,108964,106,207,845371.95,831441.60,32465.33,1663499.11,1651392.00,9d00b6a1-b078-4ac7-bfef-34440d649199
13795719,13795778,-59,100,292,858294.14,837516.52,672923.99,1254156.27,1149648.17,9d0149da-1c3b-4154-8b0a-aeff7ff1de38
140000,134559,5441,7,16,0,0,0,140000.00,134559.00,9d24b2b0-601d-459b-a2a0-73404adb58f1
5156544,5953581,-797037,78,191,230168.79,353515.67,343472.87,859424.00,992263.50,9d3aac1a-26cc-4003-9394-45c49d82b455
33519790,35508968,-1989178,186,336,1415691.44,1450878.35,855677.96,2793315.83,2959080.67,9d6adc33-81bc-4327-9dab-e694568275ac
6424210,7142340,-718130,66,173,487594.08,552606.31,222639.03,642421.00,649303.64,9d8a8081-1262-4ea1-9f9b-d488a645018b
45050,30000,15050,3,2,0,0,0,45050.00,30000.00,9de9733c-5093-499d-97f2-1e53806c058d
21203363,20871180,332183,129,841,715712.89,667364.86,149846.29,1631027.92,1605475.38,9ea84a1d-5503-4395-bf14-2fd47ccce8f2
6718000,6743826,-25826,47,103,395466.54,370679.84,122747.13,559833.33,481701.86,a020a9ab-a2fa-4e8e-a4f1-04250ddc045b
48549964,48549900,64,100,300,2892466.25,2960145.12,267122.85,5394440.44,5394433.33,a08d6922-88ab-42d0-8c40-3bde8b814696
1609163,1230684,378479,8,45,87375.06,91112.12,178487.19,804581.50,615342.00,a0ea0d27-60f5-4a7d-9417-4ce152cbd997
29611567,28355893,1255674,91,407,2287187.62,1601647.52,1093528.65,2691960.64,2577808.45,a0f595c6-ee48-497b-b62e-238721ac4bdb
11903285,11868963,34322,105,539,639159.85,604263.47,130094.64,915637.31,912997.15,a17e3950-9e87-431b-9183-d6acfd052d6d
48976666,48854933,121733,101,638,1396290.95,1369259.02,734536.58,4081388.83,4071244.42,a306d5fe-37f8-4125-a751-503d21ad12f7
23539436,23425845,113591,270,909,935694.23,965523.76,228116.14,1810725.85,1801988.08,a30d2d5e-a1d5-4969-ac7c-4c763789f56b
6754561,6771850,-17289,140,397,520881.02,511724.98,27390.14,519581.62,520911.54,a32baf86-8024-4237-b217-c6b727aec870
4935474,4875073,60401,44,133,145092.60,154716.30,53412.34,352533.86,348219.50,a3573e33-d946-42d8-9946-b37f04f594c7
43110393,36773343,6337050,158,419,1984203.39,2244037.05,720397.07,3592532.75,3064445.25,a3a3bfd4-886b-43ec-ac56-f543d310a884
23902588,24957092,-1054504,78,532,1930479.36,2594385.51,1961537.82,2390258.80,2268826.55,a3c23d74-b86b-4980-9af3-e692950738d8
37255386,33243014,4012372,81,321,4172530.78,2878362.90,2271572.23,3104615.50,2770251.17,a3d83cb6-c07f-42fe-a14e-2f8e74e217a8
34559103,33233547,1325556,223,331,1863087.64,1741140.68,214920.88,2879925.25,2769462.25,a429f5c8-45c2-4216-bfa7-a63219e8c41a
30628796,30292785,336011,196,631,1309119.27,1428864.84,352835.92,2784436.00,2753889.55,a4a54332-93bc-40a8-a004-0992af93bbca
3040081,3039357,724,18,84,515152.12,516002.98,1084.37,760020.25,759839.25,a547e262-087b-4bc1-891d-e017289521a9
20691303,20670971,20332,252,778,874227.72,866163.39,262875.82,1591638.69,1590074.69,a54c3083-039f-4b33-962d-1d7c84aec2d5
1392800,1280879,111921,21,26,560594.26,0,345123.97,696400.00,1280879.00,a54fc156-a0e5-4ae8-b188-3c5f55b1dc09
5871752,5870927,825,180,691,428995.64,373106.64,122599.34,451673.23,451609.77,a59110ad-878a-43ea-8587-92511a63906a
13400375,13402643,-2268,145,581,576576.50,504469.64,264145.09,1030798.08,1030972.54,a5a780df-9082-4f67-9891-1217fec3430a
20870623,20405477,465146,135,362,1891127.41,2236323.21,515756.73,2087062.30,2040547.70,a5fe5104-c5fc-43cc-8c54-b72693b457c2
46798081,46753213,44868,270,825,1634736.22,1663696.33,157554.95,3899840.08,3896101.08,a64966ad-eb81-4db2-a075-13ea4745d2b0
3787100,3471786,315314,41,99,628504.72,523952.78,141051.81,946775.00,867946.50,a6a0f130-62f9-4493-b24b-ab2982a80662
12995625,13067350,-71725,113,348,335651.06,334305.55,29022.70,1181420.45,1187940.91,a6e96f33-e8f9-425f-9a9d-ea2e598e9804
781716,1442925,-661209,1,31,0,585314.00,32557.32,781716.00,721462.50,a7069ecb-7759-4313-bd5e-19dda68277a4
8513107,10132835,-1619728,48,425,669372.32,442812.77,433252.41,851310.70,921166.82,a7447726-5dd9-43dd-82ba-2285ec19f39b
2789042,2665347,123695,65,175,230330.49,235619.38,34869.96,557808.40,533069.40,a786cb9a-0505-4ba7-8131-463cca927aa7
5759732,5759732,0,46,80,917549.38,882570.24,305211.05,479977.67,479977.67,a805857e-3152-4795-a65a-dc24d37b1f22
20001439,17075942,2925497,32,98,1682911.84,1723049.29,2511646.74,4000287.80,3415188.40,a8317dd7-4a93-4a10-b3e3-b596baf5ce41
99730450,140558964,-40828514,81,500,3848671.85,9544334.85,9422726.56,8310870.83,11713247.00,a87ec049-a682-4ba5-b649-4c948d7a6dca
4268300,3825081,443219,88,112,616252.89,598620.81,113367.40,609757.14,546440.14,a8bf6090-eb1a-4edb-b1f1-ea4f2d6a9afc
2349482,2606424,-256942,28,47,0,0,0,2349482.00,2606424.00,a8e48e52-6a1b-4738-b245-46ada1168fe7
1370085,1275711,94374,57,116,147913.25,138236.97,19708.87,105391.15,98131.62,a8e7951d-f8ce-4b0a-b146-766f9db786cc
16219312,16219355,-43,131,199,957307.51,935496.95,242012.30,1247639.38,1247642.69,a9027aa9-2bfd-4edc-9a25-831d37782e44
903675,904502,-827,5,19,624852.58,624742.98,109.60,451837.50,452251.00,a93c4cc2-c749-43fa-9b7a-bcb314bf2b11
903675,904502,-827,5,19,624852.58,624742.98,109.60,451837.50,452251.00,aa871cef-006b-4995-90a1-76021ed8996e
2643926,2643872,54,4,17,795851.51,795748.60,108.13,881308.67,881290.67,aaa9ea65-cf9c-4b84-b67c-60824a6b01f7
8198011,6074363,2123648,105,201,294268.19,279674.31,236208.60,819801.10,607436.30,aad8478d-5543-4c33-ae80-9a0e9020756e
2611476,2425376,186100,12,115,1159322.47,616010.28,747684.32,870492.00,808458.67,ab5ad1eb-b937-4e27-9038-26b195fb5efa
12271378,12558752,-287374,101,615,803787.54,650498.81,538314.34,943952.15,966057.85,ab848002-2bbd-4dfc-9184-14dd1c089c15
13972311,13904550,67761,236,671,508985.08,498865.83,20699.93,1164359.25,1158712.50,abbbde63-4821-429d-91b2-5b824ca80492
1324000,1320000,4000,26,11,681650.94,678822.51,2828.43,662000.00,660000.00,abec02d5-867b-4874-b672-3ae3c9b43047
15624408,15547009,77399,222,1024,688265.57,696670.74,76316.44,1201877.54,1195923.77,abec90d5-33a9-4d52-9789-87cf451edbc6
19031282,19106641,-75359,215,541,332628.34,333251.71,39602.79,1463944.77,1469741.62,abf151d6-e441-44f8-b644-851d02672117
7758155,6977871,780284,96,482,304234.90,255774.91,143458.51,646512.92,581489.25,ac335724-3aae-4b8d-8882-c8a7a1454147
24980907,17481348,7499559,55,327,2686707.60,512302.09,2760533.85,2081742.25,1456779.00,acb52c1c-df80-450b-a260-46705aa86edd
6710990,6710990,0,75,279,481502.55,547787.27,126114.89,671099.00,671099.00,acdfdbd4-3580-4bdd-ad67-c95488da3f82
8658190,8126656,531534,78,365,585152.74,504262.50,391433.00,787108.18,738786.91,ad225030-53ca-4898-aa81-41fdb8930bd0
6000000,5998697,1303,1,26,0,2965483.91,5446603.42,6000000.00,1999565.67,adf34df5-cd7d-4835-9454-582a3f5a9907
2167485,2324833,-157348,10,138,493165.76,378101.77,96487.22,309640.71,258314.78,ae9aad27-b3ff-4a62-acd7-1d35e69368df
620190,620000,190,18,46,247621.72,290338.04,42716.32,310095.00,310000.00,aebdae08-37c5-403b-80f6-baa2e749daaf
14310009,14305109,4900,76,495,782863.25,828626.45,353692.89,1590001.00,1589456.56,af1879f7-7bd2-4bcf-a992-0c225e6e14eb
717010,86000,631010,5,13,0,0,0,717010.00,86000.00,af2480ab-7eda-4637-b364-73869cd6e30d
2795774,2801730,-5956,17,32,107433.31,146691.45,100247.25,349471.75,350216.25,af770d6d-a772-4565-a7eb-cafb7e549e71
9100308,8228247,872061,190,293,651490.25,628836.15,138030.80,827300.73,748022.45,af7e597e-02bc-4b0f-8012-e6bd68365edc
24751220,24776576,-25356,110,741,1869056.42,2020651.85,440243.57,2062601.67,1905890.46,b06027be-dc7a-47c3-a6fe-e7fbe27a24d9
17788758,17773762,14996,197,352,828358.87,823426.74,54222.12,1482396.50,1481146.83,b0a86b94-d633-4cc8-99e5-d2a94e14b4bc
5404939,5092708,312231,67,229,293442.97,374761.72,69434.53,772134.14,565856.44,b0c18e98-05c6-4039-b79b-fc749e6c2d29
44870598,44763739,106859,237,1019,2061806.61,2327814.13,1526338.36,3739216.50,3730311.58,b0fd7d38-b00c-42e4-8b08-89ab3c4d444b
57284590,58870491,-1585901,92,211,2312182.65,2214712.74,517806.44,4773715.83,4905874.25,b111bf65-ab0e-494f-9c96-ad30986b6f52
10396420,10396680,-260,83,176,696617.73,780220.28,25118.92,1155157.78,866390.00,b1c7b312-2f22-4ebb-a24e-602bcb6a2e58
13270736,12226243,1044493,23,108,2258082.11,2925070.25,767312.88,4423578.67,4075414.33,b258f84d-cc9b-4547-b4e4-aa7e1f0e954d
12377621,12050807,326814,28,272,1526743.67,1337397.36,256142.24,1768231.57,1721543.86,b2df6738-9482-4071-a267-013194f2911c
18107265,18123489,-16224,249,1013,743811.39,592688.49,454211.18,1392866.54,1394114.54,b3313e9d-d59e-4c2f-bb5e-859400500fa0
4116061,4116036,25,6,6,574078.58,574072.36,135.17,823212.20,823207.20,b34fd629-cfbf-420b-8ae1-b0cf5b37547d
26565896,25522144,1043752,269,844,1489996.39,1150018.32,589621.51,2213824.67,2126845.33,b3d2b3b3-7f34-4991-8ad5-12605cdc84e7
4942731,4942578,153,13,47,571153.36,475268.64,269151.42,823788.50,823763.00,b444a26c-89bc-4a8a-a75c-1348bfac1c3c
10261226,10543111,-281885,53,303,824508.78,452525.70,608814.50,855102.17,878592.58,b478dcaa-f801-4436-82e0-a162fdd0fb9f
12409622,14675560,-2265938,130,424,554045.37,663623.65,680868.35,1034135.17,1222963.33,b4f4a80f-f21a-4ba7-8a35-9a3b0a0d147e
26119353,26265064,-145711,93,926,1258198.30,1192410.48,432018.73,2176612.75,2020389.54,b4f8a592-ae47-4a06-a9c4-d5b645a6ce77
28292324,28244026,48298,141,425,1075893.32,1063794.76,113574.07,2357693.67,2353668.83,b5247ba0-0fca-4216-bc83-6cdc456417b7
24980907,17481348,7499559,55,327,2686707.60,512302.09,2760533.85,2081742.25,1456779.00,b53b2973-0423-4619-97f4-dd6bf26463c5
9215395,9215364,31,284,575,271058.30,268347.73,23559.85,708876.54,708874.15,b634e71c-7b1e-4945-8f25-e13f3bef20aa
42828926,44802708,-1973782,148,228,1140177.46,2399327.67,2187506.01,3569077.17,3733559.00,b65733d4-7684-4c9d-b8dd-c24662f721a9
12018368,11887510,130858,79,225,1070883.36,1233342.64,419292.75,1201836.80,1188751.00,b671f370-ac32-48ee-84e5-b6bdd84e7e53
60662320,69048767,-8386447,170,628,2408114.82,3043000.87,2311188.64,5055193.33,5754063.92,b686354d-53de-45bb-b308-ac9c8340cbd5
20366959,14310340,6056619,212,283,946829.81,1164611.38,481606.64,1697246.58,1192528.33,b796f97f-83b8-417b-a201-af8347d2dff7
24567006,24633412,-66406,205,578,1401550.98,1464793.85,358376.72,2233364.18,2239401.09,b79fedf8-8aca-437d-b18d-56a863d21155
9762604,9756991,5613,39,176,670565.90,920972.62,453003.36,887509.45,975699.10,b7e868f4-8784-4be1-af9b-595cb3aa7f5a
1030122,1020122,10000,7,9,389294.81,390267.79,972.98,515061.00,510061.00,b86f721c-f39c-4f7f-b003-df77061e8cd1
21203363,20871180,332183,129,841,715712.89,667364.86,149846.29,1631027.92,1605475.38,b8ec22fc-7c86-4a12-8e16-963c1447efe0
9511438,9505934,5504,82,580,661704.85,627056.60,277428.68,951143.80,950593.40,b911131a-accf-464f-a92d-a60445eae580
20770474,20771866,-1392,226,426,1170863.06,1003982.45,813435.17,1730872.83,1730988.83,bab5026a-bb10-4587-95ed-73bb8407efcf
10317900,8929898,1388002,52,131,2501880.03,2422476.60,2944332.71,2063580.00,1785979.60,bb154e97-e01d-4e5e-9f3a-a8959f10dbab
34694618,42636739,-7942121,61,427,1612622.94,1582495.51,1164921.60,2891218.17,3553061.58,bb4cdc1f-ac67-4b36-b0ca-489fb6afafe6
39342445,39870754,-528309,284,1002,2082435.28,1899124.31,821917.52,3278537.08,3066981.08,bcb9a561-12c9-4f23-9498-07df6e37a335
11332419,14006504,-2674085,83,456,652239.01,1243364.07,874151.13,1888736.50,2334417.33,bd14eadb-a053-41cd-8df5-214000434b11
22576233,22346156,230077,193,496,820434.98,812825.18,370400.96,1881352.75,1862179.67,bd1f1e90-ef4b-441a-a2e6-1134d4c3b204
5936611,5937052,-441,135,205,577365.22,567975.81,2277.94,494717.58,456696.31,bd948e14-3e58-4907-91b6-c2fefcfe8fdf
18374231,18099175,275056,221,497,713178.37,706728.05,139019.66,1531185.92,1508264.58,bddb553a-2ffa-41bc-990b-b7c417c62227
3685000,4372655,-687655,20,13,180011.06,1054576.02,1105111.35,460625.00,624665.00,bdf0d710-db2e-4d20-bded-1d3428878f54
7371545,7418515,-46970,70,226,600080.98,446718.76,376036.20,670140.45,674410.45,be07da57-ca87-4208-ac7d-755f45930416
12037362,12020580,16782,104,385,739014.49,785860.71,235034.72,925950.92,924660.00,be14b69d-5f4e-4847-91e9-fe57223c9910
11066787,10170062,896725,38,300,1629392.93,745252.43,914396.32,1580969.57,1452866.00,be2ebf6f-d013-46de-8c56-56b4fcd970a2
14245781,19890848,-5645067,35,288,2225843.90,2689076.36,1026819.33,1295071.00,1808258.91,bef05685-2d11-4046-8c09-ecf2a65b5ce3
12071866,11095992,975874,107,222,555304.34,332464.23,409404.21,1097442.36,1008726.55,c01c0024-b7c5-4464-b006-cbc98b2db617
14993787,14601456,392331,132,398,508228.79,589452.41,262770.38,1363071.55,1327405.09,c0214583-e151-44dd-ba31-6d2d15f2197b
6230379,6345180,-114801,65,321,203116.87,165842.75,124299.05,778797.38,793147.50,c0754b44-4b72-4284-9c8d-173d5c4d4114
511029,510150,879,3,7,318925.66,269293.62,16276.61,255514.50,170050.00,c0fa792e-7caa-4050-a74d-b2a8c382fb37
3705768,3705386,382,46,194,271246.36,268058.33,7685.02,463221.00,463173.25,c1359837-0b59-4103-ad04-9fb85fa1d2b0
2060321,2060333,-12,3,23,583710.22,583713.62,6.93,686773.67,686777.67,c158977b-bbe0-41ab-b971-0df7aaff53b0
1591656,864535,727121,7,16,0,0,0,1591656.00,864535.00,c1f20ca1-55fc-437f-bfa4-e9c008baba8d
11304620,11283960,20660,94,299,1419467.94,1411411.95,30994.08,1256068.89,1253773.33,c20827b0-3e95-4847-ad6c-c8142a09b1f3
3950838,3950838,0,11,47,560780.61,471253.66,303278.24,658473.00,658473.00,c2367a55-9c03-4d21-8434-51d7ff227b21
11705122,12712978,-1007856,94,450,546872.18,606062.78,345850.98,975426.83,1059414.83,c24e8f67-7270-40f4-82d8-51bd2fb99e40
20821398,20593298,228100,251,776,1008534.25,982560.97,266221.26,1601646.00,1584099.85,c26ec4d2-fec0-4680-adf4-5e541873bb50
13570723,13103142,467581,54,139,576741.36,485947.65,140617.65,3392680.75,3275785.50,c2867f5f-68b1-4594-b0f6-ca83e8950404
35495353,35857469,-362116,168,725,1204984.01,1157009.38,102799.66,2730411.77,2758266.85,c2af55f2-3935-4298-9b49-21ed33dc7a6c
163800,163420,380,1,6,0,0,0,163800.00,163420.00,c31a9e88-9812-4388-90d8-f2035a78662c
2777207,3041185,-263978,38,148,295651.82,322322.30,260353.95,694301.75,760296.25,c437fc73-29a2-44f6-a6ec-049f339fdd98
9917725,10243002,-325277,26,157,213251.87,246414.66,336230.31,762901.92,787923.23,c438de12-9e26-4235-be1c-f64e04f73ac3
25409619,22025837,3383782,77,366,3321313.24,2295287.47,1379788.88,5081923.80,4405167.40,c4614b20-74b4-480a-9bbb-ee006ac9ab09
5018803,15148414,-10129611,25,86,508517.43,1245602.16,1182549.46,456254.82,1262367.83,c4a2e22c-f3e2-445a-8b88-a98e5b9adfa3
8545573,8329091,216482,25,102,705422.14,1372377.29,1688370.36,2136393.25,2082272.75,c4ee3ace-e98c-4702-8855-aefb2df9ab20
15057503,14307408,750095,88,681,928398.30,805885.68,413694.80,1368863.91,1300673.45,c5163104-ec91-4137-affb-41da51f5f7c1
24854381,25757488,-903107,133,747,854652.82,891760.46,467687.74,2071198.42,2146457.33,c57b304e-4695-434c-ba43-4fc0ba17ff0d
13805949,14085496,-279547,115,398,921189.06,988682.08,92301.05,1061996.08,1083499.69,c584ddf6-9317-4a0b-bf3a-2566a53db7cc
11786048,10965508,820540,122,309,382451.83,529823.07,428149.48,1071458.91,913792.33,c5e5811a-afbd-428a-a3eb-1f9dcd507f46
294460,425688,-131228,13,24,136089.77,234001.43,97911.66,147230.00,212844.00,c654622f-79ef-4e0c-a13c-18a4b6cb93ff
20039433,20332712,-293279,74,485,916408.70,836467.06,260298.38,1669952.75,1694392.67,c710895b-149d-4a58-9e4f-7373a9669ebf
23190238,22717021,473217,223,736,1253119.58,1271973.57,277075.58,1932519.83,1893085.08,c793b87a-d277-4d97-a43f-51461eddb3cf
14065298,14060224,5074,142,586,556493.06,542806.03,138763.11,1081946.00,1081555.69,c7c2c4f4-5391-40ef-aad5-5c0fc68f438d
10911206,11023507,-112301,192,847,552836.77,514164.96,147002.07,839323.54,847962.08,c853a82e-f452-42bd-ac10-63977b113fcb
98556404,96156268,2400136,53,609,7697807.40,7245874.55,2049665.99,9855640.40,9615626.80,c89c3f95-f0c8-4fe6-950f-3ca5224c5d76
4513682,6240722,-1727040,46,143,267630.54,489940.80,539388.12,376140.17,520060.17,c904a88f-18ca-4567-b358-f35fcc97ed98
5139228,5139973,-745,32,85,618279.33,615268.36,32832.78,642403.50,642496.62,c910ad1e-3d9a-407c-aee2-0f5893a02d00
8884111,8443643,440468,94,381,524397.15,492213.49,302591.88,888411.10,767603.91,c93aad82-b300-438e-ac3a-0d6cfbc53b68
29834652,29522848,311804,115,419,2945065.01,2589524.69,418863.69,2712241.09,2683895.27,c9e83931-34d6-4db7-9d96-c1305bd0bcb4
5318937,5053329,265608,30,88,542174.05,751476.93,290060.03,1329734.25,1263332.25,c9e921fc-7407-4900-8c1e-adc616665b8c
3633982,3237438,396544,16,41,141583.21,122413.05,107252.81,403775.78,359715.33,ca12431c-3f01-436d-8a6b-f56ed0b42dd6
63391,40529,22862,1,5,0,0,0,63391.00,40529.00,ca7f2af9-4fc7-4215-b10f-86dd6d2697be
1320957,1397929,-76972,21,124,212748.99,217823.35,163140.70,264191.40,279585.80,cac51ccc-2baf-454e-bc14-a7c88fb82247
61346370,61549895,-203525,255,825,3736942.55,3798391.32,429262.29,5576942.73,5595445.00,cac820d0-3e70-49a2-8b97-0468b5c23c56
5970146,2585162,3384984,89,165,205515.73,193111.43,296999.42,746268.25,323145.25,cbd31456-2900-4681-aecb-53570140e47e
3436983,3182896,254087,73,240,304131.77,182145.03,426373.53,343698.30,353655.11,ccae42e0-c38e-4f4b-8514-7fba3c46867f
229908118,229847290,60828,130,712,30336562.14,30190756.32,849887.40,32844016.86,32835327.14,cd3b0a52-9fa8-4082-a734-a1b8b854a82b
484020,317282,166738,9,23,0,0,0,484020.00,317282.00,cd49ebab-62d8-473f-ae78-b49d68e017e7
17763650,16883453,880197,49,520,1696309.25,1190827.69,1517188.76,1480304.17,1406954.42,cd9a9b39-2bdd-4f37-9702-7d998e0e2e3c
25872128,24262043,1610085,129,520,1734688.75,1676931.23,752994.14,2874680.89,2695782.56,cde04713-5943-4a84-8457-70bcb609b3e2
9401281,9456935,-55654,136,408,273145.80,207841.77,215094.41,783440.08,788077.92,ce2da98f-e5c0-43d3-9f95-58f7ffbaa632
19314833,26002152,-6687319,136,402,1024769.53,1219711.44,610064.82,1609569.42,2166846.00,ce62278b-7cfb-4643-a8c7-0c06ac146edb
13577299,7424642,6152657,142,198,571980.22,266096.19,404635.75,1131441.58,674967.45,ce6e4b74-fd4b-4d02-8448-3f996b86c143
14362979,14278481,84498,97,445,681364.86,695574.12,333544.79,1305725.36,1298043.73,cec6b4bf-eca7-4066-992b-3334af47d4b6
6560400,6300589,259811,107,282,232013.23,331021.53,161058.30,728933.33,700065.44,cf71fedb-da51-40b9-a73d-336f37787c40
33156191,35243068,-2086877,91,544,1181521.99,1255245.80,1004827.54,2763015.92,2711005.23,cfa0695b-5f8f-41a8-8a52-9ca49eca44de
25872128,24262043,1610085,129,520,1734688.75,1676931.23,752994.14,2874680.89,2695782.56,cfa44cfc-9fd6-40c6-aa14-55b0e1bff3de
11227123,10151573,1075550,214,570,801717.20,628692.17,404269.87,1247458.11,1127952.56,cfa8f7e9-6530-4a13-bb7f-d2c862983d6b
4207451,4404255,-196804,18,83,684253.91,925145.43,563235.54,1051862.75,1101063.75,cfd7cc65-ccf4-42ea-a147-08a0c2c0fb26
10575122,10179951,395171,153,390,631666.26,522606.01,255153.81,881260.17,848329.25,d0085c29-5728-4752-92e3-7f7af081b156
34064922,35432608,-1367686,83,365,727172.33,1110310.53,1069890.46,2838743.50,2952717.33,d042f7cf-b3ef-4189-bc61-047ac52e6c42
25117389,21187813,3929576,64,342,2333864.02,1473680.22,1227559.07,2511738.90,2118781.30,d045b8b6-64fc-4cd9-9fb7-8b7a75254b91
67956086,67257311,698775,68,709,3887856.67,3652633.35,641819.70,5663007.17,5604775.92,d08e410a-32f3-4af8-8a88-1177967743b2
6748810,6779900,-31090,75,378,240297.69,292676.12,105730.03,519139.23,521530.77,d0b345a5-041c-4c23-86e5-c5ad1e6093bd
14098181,14127730,-29549,141,739,482719.04,461626.58,136147.22,1084475.46,1086748.46,d1c259a4-4f43-4bbd-b0b6-64930f57d7d6
18611509,19503641,-892132,61,302,1118443.50,1100157.67,578260.53,1550959.08,1625303.42,d22dde14-9e71-4192-b2f3-e0204201fdf5
1453546,1066708,386838,25,44,176964.94,237099.42,241102.99,290709.20,266677.00,d323cfa5-636b-4ce8-990a-6c8fefc5e5f6
300000,223147,76853,3,26,0,0,0,300000.00,223147.00,d46c80d1-926a-4041-b87f-65108bb4af5e
3705768,3705386,382,46,194,271246.36,268058.33,7685.02,463221.00,463173.25,d4db8c13-12ef-4a65-ba36-3b8db5cf9331
6350151,6038660,311491,67,167,561053.75,282114.58,560917.84,1270030.20,1207732.00,d4f42689-69f2-4796-a6ed-dfe0d5b3dcd1
680000,590560,89440,4,25,0,0,0,680000.00,590560.00,d524a7a6-4d4a-4532-bac1-05bcdc930e9e
892760,892760,0,3,5,242704.44,242704.44,0.00,297586.67,297586.67,d57edd2b-7827-44d8-bc01-cf7d04ab885f
3771789,3766218,5571,47,162,619207.36,624828.02,78084.39,942947.25,941554.50,d5e6789c-da4a-4cc3-86f0-f5abbb851a64
2402952,1927825,475127,13,81,38153.03,412612.75,378720.23,800984.00,642608.33,d6006cd9-3d8b-43bd-9c0b-6cf96b9f204b
3259196,3441048,-181852,100,341,467255.18,514614.54,60864.02,465599.43,491578.29,d6cc9889-c068-4319-9a0a-4efcc0e523db
900167,900167,0,9,11,177892.99,177881.65,50.00,300055.67,300055.67,d6f3d4ce-dc3e-4883-86a1-d7125945394c
7931114,7961600,-30486,139,382,449854.67,427661.88,124000.00,610085.69,612430.77,d797ca23-f372-4919-a4f5-302e17388015
107000,109547,-2547,9,14,0,0,0,107000.00,109547.00,d7b3a4bc-a7f9-4064-929c-c0cb8974f76b
19588704,19492648,96056,163,787,813771.94,868544.24,343662.55,1780791.27,1772058.91,d7fc7e0a-672e-4315-98fd-2dfa7464c4e9
12474491,12466358,8133,114,312,524017.61,426366.30,374580.53,959576.23,958950.62,d81657ec-02a0-4653-9c08-4f34e2fc92d3
3116771,3116771,0,32,80,869091.63,869091.63,0.00,1038923.67,1038923.67,d830984b-c1d3-4803-b2ef-4af22570b234
44596541,44110811,485730,340,1361,2829257.61,3232714.41,711704.51,4459654.10,4411081.10,d84d0f1f-e4cb-40c7-8642-182a2bcdb4da
8035437,7465336,570101,15,101,1911287.71,4157068.04,2245780.33,4017718.50,3732668.00,d84eef4e-6ef3-48c3-b1f5-9d80fbd90cd0
9030493,9031183,-690,127,256,401475.29,391921.39,15898.96,694653.31,694706.38,d8654ce6-a5f1-47ef-a7ae-4c2506c9774b
12658663,12886634,-227971,106,212,783839.75,757154.85,162326.04,973743.31,991279.54,d879c66b-eecc-4b05-87e9-901d92b1fe8b
23548403,23582147,-33744,177,887,1328329.58,1082161.77,1028571.85,1962366.92,1965178.92,d8b31715-9da8-4c3b-b26d-4b15772b599b
36658741,39201040,-2542299,44,332,2165958.88,5088876.84,5165526.63,3054895.08,3266753.33,d900da4b-3b42-4ad9-954e-fdc50386732c
5435894,5251632,184262,45,156,829557.10,652127.32,225608.77,1087178.80,1050326.40,d983fdcf-6087-4033-88de-99058ac6cf9a
30110604,30197795,-87191,121,825,1308004.98,1247267.90,694035.89,2316200.31,2322907.31,d9f6e9a0-197d-4431-ad7d-93d46c2f40c2
21107637,21112944,-5307,124,530,830088.40,788891.84,92773.27,1623664.38,1624072.62,db3664d3-aa5d-4a35-afa6-87d0ee6ffc17
16993040,15686858,1306182,89,214,929292.84,1051121.88,657323.41,1544821.82,1426078.00,db37a807-92a9-4f65-8bd3-c8e60d24a6d5
3831606,3165968,665638,17,90,418542.33,654304.16,523202.82,957901.50,791492.00,db47f533-1870-49ec-b7a1-f9821a4065f9
20493844,20408103,85741,85,573,2503777.14,2181730.90,532965.15,4098768.80,4081620.60,dca09133-79d3-4bd7-9cea-aa25adfcaa62
1483886,1840146,-356260,7,22,0,0,0,1483886.00,1840146.00,dcf895d7-bb35-4a1a-9bf8-61a68138583c
47672011,48024468,-352457,102,1257,1643410.19,743739.40,1790325.10,3667077.77,3694189.85,dd053b92-98ee-42f9-af09-2091a02465ab
19416876,19293980,122896,36,222,1625780.26,1772287.82,596814.89,2427109.50,2143775.56,ddb93aad-0bb1-4f94-9478-adc219656358
18000,87600,-69600,2,5,0,0,0,18000.00,87600.00,de15e4f2-cd13-4f20-8e78-6d0fd234568a
10708968,10949398,-240430,169,782,305335.08,344317.59,108853.54,892414.00,842261.38,deba0bc6-aabb-4e97-83e0-52c9e2c26d0f
11655625,11578482,77143,130,308,443385.87,431070.28,38503.95,971302.08,964873.50,def80390-122a-4405-a381-0d14afcdb4ea
12567953,10679331,1888622,89,332,447721.67,467141.29,247697.77,1256795.30,1067933.10,df34c14f-2ac2-409a-8f1d-078cbd27edac
7974699,7529251,445448,60,569,606414.86,344641.12,454223.35,664558.25,684477.36,df4a0dab-bb8d-4a6c-b020-e90b612f5b94
7294297,6977685,316612,64,280,423396.46,395500.91,66718.16,810477.44,775298.33,df75abc6-dc11-4a0a-82f1-1aff40f628a8
19749745,19740976,8769,72,136,1838541.09,1839161.12,3921.62,3949949.00,3948195.20,df7e78c1-4bad-4e65-a2d3-d7888017fe4f
6722142,6131980,590162,19,160,515557.42,656211.46,440684.66,1344428.40,1226396.00,dff54dbe-569a-4178-9a5e-8bbb756f48bf
138700,138144,556,20,34,67550.35,67672.59,318.67,34675.00,34536.00,e0102921-d0a6-4f35-8074-b180d5642fc5
24722757,23531199,1191558,67,1005,2426116.78,1494392.02,1182262.93,2060229.75,1960933.25,e02500c6-f6d1-4d51-9467-72f8bbb7e1c3
22651887,22775034,-123147,197,661,1152057.47,1151929.71,121303.86,1887657.25,1897919.50,e10b4b6c-ca9b-43f7-8a1f-167df143115f
21498516,21522026,-23510,91,345,1694728.81,2309724.40,1787727.39,1653732.00,1655540.46,e111404b-1713-47fd-8ef5-6d5a3529ad8a
11204292,11058760,145532,107,321,1189023.80,1381007.37,466764.30,1400536.50,1228751.11,e1a3c206-6cbb-4c3e-88c0-2a006fa26e65
17419149,18890844,-1471695,65,543,1154522.15,872077.44,459093.71,2488449.86,2698692.00,e1c64677-d1a3-4582-83d1-f251a0f5abb9
15444804,5253998,10190806,78,92,2629671.90,1033096.21,2768955.22,1930600.50,750571.14,e1e8e58c-b2b0-49e7-810f-2f2c68661307
7843000,38702893,-30859893,24,200,1807701.52,4633795.19,2943587.51,713000.00,3518444.82,e1fd7e7f-c711-4e41-a4fc-5fe15e21c415
33795971,33205826,590145,466,663,1284032.06,1312596.34,395981.90,2816330.92,2767152.17,e288025f-6fc0-41f4-a713-a1c018448249
3155390,3598622,-443232,46,150,156977.71,342414.10,342716.61,262949.17,299885.17,e2ceff87-807a-4802-ba27-41309bb9d9b3
14674465,14591565,82900,248,520,1244104.09,1261486.80,65211.88,2934893.00,2918313.00,e2ffde8e-79b8-4b92-aef2-aed8175b1262
5432168,5439442,-7274,189,352,298971.85,297527.98,44132.84,452680.67,453286.83,e30c0d5a-a7a3-446d-80b5-ddf356992f8e
6024436,6024876,-440,107,466,215353.70,211751.01,136306.05,463418.15,463452.00,e312a829-fbfc-46ac-8bd1-74046edff832
16160651,15470973,689678,60,346,1137420.37,891272.12,568911.22,2308664.43,2210139.00,e31eb793-9218-4daa-a400-4e51935f063a
13144982,12781863,363119,108,253,759144.17,660885.93,206834.71,1643122.75,1597732.88,e3509f3b-628d-4bc9-aaff-df9f63ee17a3
173011615,176275437,-3263822,184,245,4366501.89,3881890.27,1572923.15,14417634.58,14689619.75,e38461f4-350f-4856-8272-94c8d561be6b
10677673,9859040,818633,253,418,529571.72,759458.30,413019.78,889806.08,896276.36,e3a4ad4f-33f3-49d8-ad0b-4ea170cdeee4
2938350,2648343,290007,13,15,0,0,0,2938350.00,2648343.00,e3eb5b90-1186-4df3-ae55-0e4ce747b0bf
19165009,18238052,926957,100,475,701299.17,682694.40,374986.58,1597084.08,1519837.67,e4270b70-a703-40c6-b613-dcf68674833d
18325545,18325634,-89,228,546,924424.56,818364.58,421034.80,1409657.31,1409664.15,e45c59fe-9096-4a5d-8758-1538b612f1ab
10311107,10254376,56731,88,480,582420.00,536987.36,306891.43,859258.92,854531.33,e5e60baf-85b4-479a-adfa-48667c6b0696
7801787,7770642,31145,135,418,320227.87,308748.53,139768.48,600137.46,597741.69,e60fd1ee-0f6f-4e13-84ab-4015bc7d5715
12403826,12393395,10431,245,959,494872.97,382747.91,224226.06,954140.46,953338.08,e6552c36-94b5-41cc-a2ab-c18011b46a08
7202605,7117943,84662,139,371,478888.31,398881.78,148442.86,600217.08,593161.92,e6dd549b-8f32-4da6-a29b-864f908921b2
28408713,28411587,-2874,28,43,1070581.47,1060387.70,43011.44,2367392.75,2367632.25,e7157048-9a68-4748-a37a-902caefc42ee
6314755,6247082,67673,13,84,788816.51,695148.19,93668.31,3157377.50,3123541.00,e72492f3-b522-4a97-8c87-9dcab49b523a
14810565,15016657,-206092,84,380,1330125.66,931618.21,557445.16,1481056.50,1501665.70,e78184c8-8d02-4b38-8991-42a497fdb6a8
32788913,32418975,369938,439,642,1322133.24,1344838.21,393110.74,2732409.42,2701581.25,e78ce3c4-1c70-49d2-82af-95deeca4860a
10871884,10970184,-98300,142,537,318506.32,385997.62,259347.16,836298.77,843860.31,e7c398d1-c47e-4b6e-b297-086a57c423cd
14433173,10203771,4229402,105,146,1315910.41,494852.61,1192431.95,1312106.64,927615.55,e8283c43-8bf6-4ea6-9af5-1f344542aa19
948153,1173409,-225256,4,24,0,0,0,948153.00,1173409.00,e82a1db5-bbd3-4a80-9ca7-259407f942e1
9737964,6508328,3229636,30,96,1027197.41,198163.41,1030267.76,973796.40,542360.67,e8396390-ac0a-443b-adcf-6ab77c755630
8960488,8786535,173953,57,380,449555.16,478602.64,237528.54,689268.31,675887.31,e8668b8d-5bdd-458a-97fa-5321d57fe8ba
22742051,22767904,-25853,234,318,1734350.95,1788915.74,221110.36,1895170.92,1897325.33,e8880a96-92a4-49f5-b199-ebe7612ce4a2
71739657,70493470,1246187,283,691,3158561.57,3246698.28,707261.70,5978304.75,5422574.62,e892850a-656c-44da-ba30-32af50c67adc
170000,170000,0,3,9,0,0,0,170000.00,170000.00,e8d29ad1-952c-42d2-92f5-659782056541
50366675,49938007,428668,153,745,2167864.33,2349052.90,443829.23,4197222.92,4161500.58,e96f28df-d30c-471b-b980-cbe9ee3b4077
5737532,4931878,805654,100,126,440714.30,391327.41,636598.16,573753.20,493187.80,e9a1def6-37e0-48cd-8e00-3fda9debc20b
3822641,3679055,143586,38,77,466158.31,606534.80,992350.69,1274213.67,1226351.67,e9bdfca0-4d9b-41e9-986d-06b2b922bd28
52459012,52459012,0,216,350,4747014.79,4657753.80,227142.89,4371584.33,4371584.33,e9c04e82-2e6b-4c64-bf1e-f495329f9aa7
40423226,40821216,-397990,255,774,1246449.13,722292.55,996250.37,3368602.17,3401768.00,e9cd4efa-47a3-4597-ad16-2f1c82d6e4d6
12815710,13082488,-266778,97,477,589585.06,687353.84,412055.87,1067975.83,1090207.33,e9dd3d88-1f0f-4a3d-9d3d-88fa681504a7
12680891,12680891,0,98,349,456517.57,1167470.52,1161248.44,2113481.83,2113481.83,ea379dd4-e813-48c0-a543-04f1696f1959
2787798,2746622,41176,12,161,202129.86,241182.74,158532.07,557559.60,549324.40,ea50cddc-428d-4490-becf-18d83b0afaa1
18416567,18546862,-130295,163,871,796174.55,635581.56,377062.06,1416659.00,1426681.69,ebb742d6-976a-4e04-8b46-c2123d5cf984
52459012,52459012,0,216,350,4747014.79,4657753.80,227142.89,4371584.33,4371584.33,ec47ddd6-01c7-4e42-b991-91015cfbbd7a
496877,496850,27,14,19,38761.84,39464.74,761.01,165625.67,165616.67,ecaa52f3-69b8-45b6-b282-c7df7d311267
5294663,5294296,367,24,78,544694.77,541643.04,42764.07,529466.30,588255.11,ecb5f176-13c9-466f-9054-a55f0c5a7601
13622561,13633850,-11289,112,416,610686.59,409037.18,379255.57,1047889.31,1048757.69,ed090c47-340c-4a4e-8b5b-677b2dcfd053
1372089,1253278,118811,18,61,354325.36,173515.52,206465.38,457363.00,626639.00,ed4d1f63-a9c6-4a7d-800c-5aba34bb88e7
12443865,11976698,467167,81,369,828712.27,526854.63,567240.95,1036988.75,998058.17,ed4f7fcf-a7a3-45f1-aa71-673db52cebc9
9713749,10023565,-309816,14,18,954725.62,1084584.44,167030.50,1387678.43,1431937.86,ed61b132-98dd-4f65-8822-7991152ee21c
12524167,12522790,1377,66,349,557046.62,509863.11,308420.62,1043680.58,1043565.83,ed757a31-c968-4db5-8158-fe877af5f88e
2636129,2636116,13,5,18,710957.52,652079.34,82180.06,659032.25,659029.00,eda3b944-6879-45fd-9f8c-9be29c60e848
1630117,299365,1330752,7,16,0,0,0,1630117.00,299365.00,ee8db967-c8ac-49d0-995f-6239e043fadf
7636425,8192918,-556493,53,155,760091.97,793469.17,172738.12,763642.50,744810.73,ef05823e-e54d-4f18-bb3f-ade0bd04a067
18947008,18880700,66308,119,409,1180642.49,700614.15,931792.71,1578917.33,1573391.67,ef160f0f-3d37-4b27-83c4-dc28782327a1
5755421,5578399,177022,37,151,253750.34,343265.96,152266.84,1151084.20,1115679.80,ef5bae13-372f-42b3-8803-62ac9e23dfc9
20691303,20670971,20332,252,778,874227.72,866163.39,262875.82,1591638.69,1590074.69,ef63adf7-9276-4ca0-8af8-c50c200445fd
41252949,43945536,-2692587,154,361,2175364.15,2081203.49,563836.41,3437745.75,3662128.00,f079a5dd-2653-4c6c-9a48-a5fb9a944ca9
9097754,5314700,3783054,152,182,168458.51,221585.64,295686.16,827068.55,483154.55,f08a77ca-096b-4513-9788-b9151c431a91
33156191,35243068,-2086877,91,544,1181521.99,1255245.80,1004827.54,2763015.92,2711005.23,f0d002ed-986f-4962-9b0b-86cca7759a8e
18919350,18663731,255619,57,604,1454643.69,1332204.86,754055.53,2102150.00,2073747.89,f0e58169-f0d0-4a43-8067-e3d604861266
84847940,84411462,436478,81,510,5969347.01,2778531.19,5037511.19,12121134.29,12058780.29,f0fe0fb7-2410-4ce2-8791-bed84ac43dda
17484221,16432459,1051762,90,487,657262.09,592661.08,167683.72,1457018.42,1369371.58,f187cf47-f66c-40dc-8fcb-b22d91c48933
16508229,16064873,443356,72,541,1222751.04,962159.39,857054.03,1650822.90,1606487.30,f1ce0444-9099-489f-87d9-c6e6bd347f66
22672817,22704345,-31528,637,768,1882269.82,1418752.41,839306.63,1744062.85,1746488.08,f1e4b084-c93f-4bfd-9dfa-78d5a5cc7aae
21174759,21124262,50497,70,577,782034.49,764559.91,565111.33,1764563.25,1760355.17,f2743e4e-27fb-4b97-9229-fa7a1be4babe
29128952,26513142,2615810,150,1081,1856856.42,947088.41,1141851.26,2427412.67,2209428.50,f29a53bf-2c8c-43c7-bd30-8dcd69c9a3a3
13304121,13371522,-67401,195,452,839992.09,836798.60,22254.63,1023393.92,1028578.62,f2d53cb6-0f7c-42b2-a9bd-1bbaf8675a7b
64430651,54921359,9509292,178,317,6917378.69,6226594.57,1608552.94,5857331.91,4992850.82,f33dff41-aae5-4a7a-91d6-4b7544171ea4
1329997,1329997,0,2,4,689663.16,937137.81,247474.65,664998.50,664998.50,f34f4bf8-223c-4e0d-8905-b8c51348281b
4365529,4365490,39,32,139,397932.90,390567.94,347593.97,545691.12,545686.25,f36097b7-e6d8-4865-b502-f7203b16daed
18833476,18698530,134946,131,377,450531.74,489725.46,269293.96,1448728.92,1438348.46,f3808955-5ab9-4ee1-9134-df53a18f702e
10454707,10460723,-6016,200,300,543295.99,543305.77,3072.86,804208.23,804671.00,f3a186e8-b230-47a2-88e5-c4a2cdfebf56
3487294,2125190,1362104,29,44,431060.32,572414.03,152044.35,1162431.33,708396.67,f3ec0e15-7b46-4049-84de-f716f71fd25a
8206987,8206568,419,16,63,1069627.00,1069053.41,688.59,1641397.40,1641313.60,f40d36ce-4ea3-4222-859b-267863431abf
18822442,16312346,2510096,223,355,904729.53,487038.25,542353.99,1568536.83,1359362.17,f43aae72-6ca4-4277-9cd0-ab807ac0677a
15231979,15272384,-40405,79,270,1341888.03,1182725.95,677243.14,1384725.36,1174798.77,f4679486-f79a-4731-b487-d67e007adf53
52161287,51678777,482510,148,427,3526979.63,2695222.39,1683803.45,4346773.92,4306564.75,f47bd837-c0b0-4dc3-8f2f-a0761dd91484
15214335,15219744,-5409,232,484,810901.06,824259.30,36338.05,1170333.46,1170749.54,f4ff1ef6-b4bc-4845-9e95-1c75d1492f65
4402210,4331921,70289,26,66,528801.54,810840.72,1264006.26,1100552.50,1082980.25,f5705afc-ae2d-4f08-8171-95a8cbe6b7ad
15881548,17159267,-1277719,89,232,843121.45,902109.99,571292.62,1443777.09,1559933.36,f591416f-8d0a-4fae-8c68-f896d07b1dae
18361772,17489646,872126,194,384,406634.34,384117.47,73660.45,1530147.67,1457470.50,f5e22692-e6e0-416f-a978-1d1535ac3598
8676490,10910574,-2234084,48,107,1303681.85,1289327.58,770872.17,1084561.25,1363821.75,f677ef8b-8dc5-4afc-bb20-07389441b59a
2504790,829899,1674891,7,11,967154.91,63367.48,1030079.93,834930.00,276633.00,f77e810b-ee5f-4942-a6db-09a45e1311c0
758482,669294,89188,17,32,526428.27,0,53165.94,379241.00,669294.00,f8772b9e-174e-459d-9eda-977a9d2af952
29654387,31525619,-1871232,96,335,1115108.22,960662.67,936870.27,2471198.92,2627134.92,f8aab4bf-ff0e-4525-a878-694ab553c082
1670000,1562500,107500,24,24,0,0,0,1670000.00,1562500.00,f8c3b63b-53cb-475f-b61d-c54e3ff9ff22
8603478,6506567,2096911,18,155,714358.13,543754.80,361806.46,2150869.50,1626641.75,f8d087cd-b12a-4355-bcae-444cc3f196f6
16275948,16008190,267758,91,309,633329.86,644983.18,100323.51,1808438.67,1778687.78,f9065e89-b62a-4769-84af-55a9040ab700
3874685,3884684,-9999,185,355,195232.73,191266.39,30503.96,298052.69,298821.85,fa1c31aa-38b2-485a-be99-d2760755618e
7205356,7204296,1060,47,287,1083468.19,1212282.72,166662.71,1200892.67,1440859.20,fa244d72-711f-45a8-bd74-990a11857898
900167,900167,0,9,11,177892.99,177881.65,50.00,300055.67,300055.67,fae3082a-9312-4b4f-96d2-1811153e4906
4409490,4180793,228697,27,165,327587.90,226953.55,119532.97,1102372.50,1045198.25,fb6b6202-7702-46f4-9661-74e7f38b506b
20691303,20670971,20332,252,778,874227.72,866163.39,262875.82,1591638.69,1590074.69,fb6e70f7-e340-4dba-bb5f-e6fb44bf3e07
4437758,4435203,2555,97,337,284093.53,291614.58,54890.31,443775.80,443520.30,fb864bff-8e0c-4523-a7af-9a016dff20de
12805684,9003123,3802561,49,218,1029790.56,605027.83,1157496.78,2134280.67,1500520.50,fbebb76a-b9ef-4191-aa36-3108a654b1f7
617120,344402,272718,53,9,5600.29,237350.29,242950.58,308560.00,172201.00,fc4e56e8-978f-4d9b-bce0-636c7a7b9115
4711348,4707460,3888,54,97,704093.73,667747.57,143748.07,588918.50,588432.50,fc5ebdf5-db2a-45fb-9e95-fd71cc9e6f9f
11862401,11862061,340,58,382,508941.72,516236.68,178248.74,912492.38,912466.23,fda544a2-5d9a-4949-9389-6e6ae90ec689
7613306,7618108,-4802,83,191,397978.69,434992.08,89123.74,634442.17,634842.33,fdb12c98-1a78-456b-8121-fa37fe7a4d24
8672019,9130804,-458785,90,475,427855.99,326758.81,357181.32,619429.93,652200.29,fecdc091-e2f8-4fce-8b3c-78e87dcab60c
7284646,6715467,569179,80,171,1038122.45,931899.66,343868.17,1214107.67,1119244.50,ffa9d29c-b1f3-4810-b1f3-1fec1a6c888c
44097902,42723528,1374374,159,407,2740108.84,2892647.57,599026.49,3674825.17,3560294.00,6ebba093-4037-44fc-9e11-b30b8776be53
586027600,618019905,-31992305,335,536,103594577.00,51871304.13,67553600.23,53275236.36,56183627.73,d3ef4ae6-b563-41df-abc4-b6f7b1867a9b
27034963,25149217,1885746,76,193,1449099.99,1585071.59,599952.97,2252913.58,2095768.08,17da639c-fec9-47ef-871a-d83ddc54bc64
32802659,31900366,902293,157,385,1675699.31,1725680.54,525637.17,2523281.46,2658363.83,d813775e-530f-44fc-8c6c-f4cfaab30b73
26572797,25870690,702107,74,195,1464707.32,1586455.32,695422.51,2214399.75,2155890.83,c86e1a55-f472-48d5-8e5f-a68487e4b843
272534168,161421802,111112366,132,386,53778463.62,20349794.97,34896594.09,22711180.67,13451816.83,17dca9ff-35e0-40e7-bb95-2b3ee1158cda
26572797,25870690,702107,74,195,1464707.32,1586455.32,695422.51,2214399.75,2155890.83,660ccd46-5b75-4478-b270-702b8cde06a2
4766653,4636809,129844,18,77,455780.41,140558.74,385822.26,476665.30,386400.75,172a64bc-5cfb-4915-a8e3-33fab5845b45
24625933,23730873,895060,201,552,1623731.27,1162929.14,1186061.01,2052161.08,1977572.75,62611b8f-b90b-4e6b-b4b3-56468b9595cc
4766653,4636809,129844,18,77,455780.41,140558.74,385822.26,476665.30,386400.75,dc805e30-ba5a-476f-ba91-cba5fcf7c665
34601807,36304597,-1702790,102,412,1017333.79,880340.37,777986.15,2883483.92,3025383.08,4751d4ea-b933-486e-a75c-16e6632bcbb8
